5,"['大家', '不', '覺得', '根本', '寫', '不', '完', '嗎', '時間', '那麼', '短', '還', '有', '後面', '那', '個', '配合', '是', '當', '我們', '精通', '多', '國', '語言', '是', '嗎', '看到', '眼睛', '快脫', '窗']"
15,"['想', '請問', '醫學', '公衛', '學院', '的', '同學', '醫學院', '體育館', '的', '羽球場', '是否', '有', '自由', '打球', '的', '時段', '我', '周遭', '的', '同學', '好像', '都', '不', '打', '羽球', '我', '想', '一', '個', '人', '去', '再', '找', '人', '報', '隊', '麻煩', '好心人', '分享', '醫', '體', '羽球', '生態', '祝', '大家', '期末考', '歐', '趴']"
7,"['如', '題', '小妹', '我', '在', '這', '寒冷', '的', '冬天', '實在', '是', '無', '欲', '無', '求', '連', '去', '上課', '的', '慾望', '都', '沒', '缺課', '太多', '次之', '後', '今天', '起床', '才', '發現', '自己', '連', '今天', '最後', '一', '堂', '都', '沒', '去到', '所以', '不', '知道', '老師', '最後', '到底', '上到', '哪', '邊', '然後', '期末考', '要', '考', '哪些', '章節', '或是', '今天', '的', '課', '老師', '有沒有', '講到', '關於', '期末考', '的', '注意', '事項', '之類', '的', '感謝', '各位', '有', '辦法', '在', '這', '種', '天氣', '起床', '上課', '的', '勇者', '們', '送上', '期末', '好運', '企鵝', '祝', '大家', '期末', '歐', '趴', '嗨', '趴', '天氣', '冷', '注意', '別', '感冒', '了']"
16,"['之前', '有', '看過', '助教', '的', '說明', '影片', '還是', '不', '太', '清楚', '期末', '報告', '確切', '要', '做', '什麼', '想', '問', '一下', '其他', '修課', '的', '朋朋', '報告', '需要', '涵蓋', '什麼', '內容', '謝謝']"
49,"['請問', '大家', '熊', '老師', '的', '這', '堂', '課', '有沒有', '說', '考試', '內容', '是', '什麼', '或', '有', '特別', '提點', '的', '感謝', '祝', '大家', '期末', '順利', '歐', '趴']"
50,"['請問', '老師', '上', '次', '說', '有', '些', '人', '不用', '過去', '上課', '是', '指', '這', '週', '還是', '下', '週', '的', '課', '不用', '去', '上', '不好意思', '我', '有點', '搞混', '了', '祝', '大家', '期末', '歐', '趴']"
42,"['期末考', '是', '明天', '喔', '想', '問問', '有沒有', '考', '過', '的', '同學', '知道', '題目', '內容', '大概', '往', '哪些', '方向', '出', '怕', '是', '要', '記', '很多', '默寫', '的', '那', '種', '希望', '不', '是', '因為', '老師', '好像', '前', '幾', '次', '開課', '都', '沒', '考試', '的', '樣子', '分數', '佔', '蠻', '重', '的', '我', '每', '堂', '課', '都', '有', '到', '但', '怕', '考試', '完蛋', '大家', '準備', '期末', '都', '加油']"
47,"['期末', '與', '寒流', '接踵而至', '讀書', '讀', '累', '了', '或', '感到', '煩躁', '不堪', '嗎', '貓', '跟', '壁爐', '都', '放', '在', '這裡', '了', '歡迎', '找', '位置', '坐大', '家聚', '在一起', '取暖', '有', '什麼', '難過', '的', '事', '也', '都', '可以', '匿名', '分享', '讓', '它們', '跟', '著', '柴火', '一起', '化為', '灰燼', '希望', '大家', '期末', '都', '能', '順利', '的', '度過']"
48,"['希望', '大家', '可以', '變成', '海獅', '因為', '海獅', '會', '嗨', '趴', '大家', '期末', '加油']"
51,"['教授', '剛剛', '寄', '信', '說', '期末', '報告', '我', '每', '堂', '課', '都', '到', '怎麼', '沒有', '聽到', '有', '期末', '報告', '求救求救']"
54,"['如', '題', '星期二', '的', '考試', '成績', '出來', '了', '有沒有', '人', '有', '正確', '答案', '可以', '讓', '我', '對', '一下', '自己', '哪裡', '錯', '的', '萬分', '感激', '祝', '大家', '期末', '歐', '趴']"
57,"['想', '請問', '有', '人', '有', '吳文傑', '老師', '微積分', '的', '期末', '考古題', '答案', '嗎', '寫完', '了', '但', '不', '知道', '答案', '對', '不', '對', '感覺', '好', '不安', '謝謝', '祝', '大家', '期末', '順利']"
65,"['補字', '補字', '補字', '補字', '補字', '大家', '還好', '嗎']"
66,"['想', '請問', '一下', '期末', '報告', '的', '題目', '跟', '字數', '非常', '感謝', '祝', '期末', '歐', '趴']"
58,"['各位', '有', '修', '這', '堂', '課', '的', '帥哥', '美女', '們', '可以', '請問', '一下', '老師', '這', '堂', '課', '有', '說', '什麼', '重點', '或是', '期末', '注意', '事項', '嗎', '小弟', '我', '發燒', '沒', '去', '今天', '這', '堂', '課', '拜託', '了', '各位', '好人', '一生', '平安', '期末', '歐', '趴下', '學期課', '都', '中']"
61,"['今天', '上完', '的', '政治學', '原本', '想', '說', '老師', '這', '學期', '的', '努力', '值得', '感謝', '跟', '鼓勵', '結果', '全', '班', '只有', '外系', '的', '一兩', '個', '同學', '拍手', '感覺', '老師', '有點', '傷心', '雖然', '不', '涼', '不', '甜', '但', '真的', '是', '很', '照顧', '同學', '的', '老師', '下課', '有', '問題', '老師', '都', '很', '樂意', '花', '時間', '回答', '跟', '討論', '幫', '老師', '祝福', '所有', '同學', '期末', '歐', '趴', '特別', '是', '有', '跟', '老師', '說', '謝謝', '的', '天使', '們']"
62,"['想', '問', '一下', '有', '修', '這', '門', '課', '的', '大家', '瑾瑜', '上課', '說', '考到', '法定', '地上權', '沒有', '包含', '最', '高', '限額', '抵押權', '對', '嗎', '印象', '中', '她', '好像', '沒有', '教到', '最', '高', '限額', '抵押權', '好像', '只有', '帶過', '而已', '但', '又', '不', '確定', '會不會', '考', '感謝', '大家', '祝', '大家', '期末', '考完', '寒假', '愉快']"
63,"['如', '題', '在', '應數系', '網', '站上', '只有', '題目', '沒有', '答案', '有', '好心人', '有', '答案', '的', '嗎', '拜託', '了', '好人', '一生', '平安', '期末']"
64,"['選課', '記得', '要', '避雷', '喔', '遠距', '看', '影片', '面授', '也', '看', '影片', '教', '的', '只有', '報告', '要求', '老師', '我', '會', '回去', '想', '一', '想', '的']"
69,"['中', '醫藥', '期末', '範圍', '是', '的', '這', '四', '個', '單元', '嗎', '還是', '有加', '其他', '影片', '之類', '的', '呢', '謝謝', '大家', '祝', '大家', '期末', '順利', '照顧好', '身體', '謝謝']"
71,"['今天', '早上', '的', '我', '因為', '腸胃炎', '而', '痛苦', '的', '在', '床', '上', '和', '廁所', '來回', '奔波', '沒辦法', '去', '上課', '所以', '想', '請問', '有', '修', '這', '堂', '課', '的', '人', '這', '次', '期末', '的', '範圍', '跟', '考題', '類型', '是', '什麼', '先', '謝謝', '回答', '的', '各位', '你們', '真', '好心', '祝', '期末', '分數', '高高']"
72,"['期末考', '旁邊', '的', '女生', '真的', '好', '臭', '希望', '妳', '下', '次', '來', '考試', '可以', '洗', '個', '澡', '臭死', '了', '臭', '到', '我', '提早', '交卷', '不', '是', '啊', '女生', '怎麼', '可以', '這麼', '臭', '同學', '拜託', '你', '不要', '這麼', '臭', '拜託']"
73,"['大一', '菜雞', '想', '問', '一下', '秀明', '老師', '的', '民法', '期末考', '跟', '他', '發', '的', '考古題', '有關', '嗎', '讀', '了', '一', '堆', '還是', '沒', '方向']"
76,
77,"['有沒有', '知道', '黃紹華', '的', '網路', '程式', '設計', '期末考', '會考', '什麼', '還是', '就', '考', '程式', '設計']"
79,"['我', '知道', '在', '人滿為患', '的', '期末', '不應該', '為', '這裡', '再', '起', '騷動', '可是', '每', '次', '來', '每', '次', '都', '有', '帥', '的', '欸', '到底', '尋找', '同感', '者']"
93,"['大家', '不', '覺得', '根本', '寫', '不', '完', '嗎', '時間', '那麼', '短', '還', '有', '後面', '那', '個', '配合', '是', '當', '我們', '精通', '多', '國', '語言', '是', '嗎', '看到', '眼睛', '快脫', '窗']"
95,"['如', '題', '小妹', '我', '在', '這', '寒冷', '的', '冬天', '實在', '是', '無', '欲', '無', '求', '連', '去', '上課', '的', '慾望', '都', '沒', '缺課', '太多', '次之', '後', '今天', '起床', '才', '發現', '自己', '連', '今天', '最後', '一', '堂', '都', '沒', '去到', '所以', '不', '知道', '老師', '最後', '到底', '上到', '哪', '邊', '然後', '期末考', '要', '考', '哪些', '章節', '或是', '今天', '的', '課', '老師', '有沒有', '講到', '關於', '期末考', '的', '注意', '事項', '之類', '的', '感謝', '各位', '有', '辦法', '在', '這', '種', '天氣', '起床', '上課', '的', '勇者', '們', '送上', '期末', '好運', '企鵝', '祝', '大家', '期末', '歐', '趴', '嗨', '趴', '天氣', '冷', '注意', '別', '感冒', '了']"
111,"['如', '題', '我', '在', '準備', '完', '期中', '後', '所有', '教學', '內容', '後', '點', '進去', '教學', '大綱', '看', '是否', '有', '漏掉', '什麼', '不過', '教學', '大綱', '是', '寫第週', '教學', '範圍', '看完', '整個', '黑人', '問號', '請問', '期末', '範圍', '是', '期中', '後', '所有', '教學', '內容', '嗎', '我', '是', '一', '那', '一', '堂', '的', '謝謝']"
116,
137,"['最後', '一', '次', '上課', '因為', '腸胃炎', '所以', '請假', '沒', '去', '想', '請問', '有', '人', '知道', '期末考', '範圍', '是', '什麼', '嗎', '考試', '方式', '呢', '祝', '大家', '期末', '順利']"
138,"['哭', '了', '大家', '要', '撐住', '啊', '希望', '大家', '都', '能', '好好', '的']"
170,"['最近', '參加', '了', '一', '場', '家聚', '然後', '拿到', '了', '家', '爸媽', '的', '祝福', '卡片', '跟', '歐', '趴', '糖', '實在', '是', '太', '感動', '了', '所以', '想', '著想', '著', '就', '來', '送', '祝福', '了', '祝', '各位', '學長', '姐', '學弟妹', '還', '有偶', '自己', '期末考', '歐', '趴', '沒', '科', '被', '當']"
174,"['不好意思', '打擾', '各位', '了', '前天', '晚上', '因為', '家', '裡', '有事', '所以', '沒有', '去', '上課', '有', '聽', '朋友', '說', '老師', '說', '期末考', '的', '考題', '會', '先', '傳到', '其他', '詳情', '朋友', '就', '說', '沒', '仔細', '聽', '了', '所以', '想', '請問', '一下', '老師', '有', '說', '大概', '會', '在', '什麼', '時候', '把', '考題', '傳到', '嗎', '朋友', '只有', '說', '老師', '晚點', '會傳', '但', '至今', '都', '還', '沒有', '看到', '另外', '請問', '還', '有', '其他', '和', '期末考', '相關', '的', '詳細', '內容', '嗎', '麻煩', '各位', '了', '謝謝', '感激', '不盡']"
179,"['請問', '涵星一莊', '的', '同學們', '剛剛', '點', '左右', '到', '現在', '不斷', '有', '嬉鬧', '喊叫', '傳出', '是', '我', '期末', '累', '出來', '的', '幻覺', '還是', '真的', '有', '母猴', '跑進', '莊', '內', '有夠', '大聲', '但', '遠到', '聽', '不', '出', '是', '從', '那', '個', '方向', '傳來', '的', '好', '想開', '扁']"
192,"['大家', '好', '我', '是', '諮臨所', '科研組', '的', '研究生', '目前', '要', '進行', '實驗', '心理學', '專題', '的', '急性', '有', '氧', '運動', '介入', '對', '注意力', '及', '視覺', '空間', '工作', '記憶', '的', '專題', '研究', '正在', '招募', '受', '試', '者', '中', '誠摯', '邀請', '大家', '的', '參與', '實驗', '方法', '本', '專題', '研究', '將', '以', '匿名', '的', '方式', '進行', '藉由', '騎乘', '固定式', '腳踏車', '分鐘', '測量', '急性', '有', '氧', '運動', '介入', '後', '注意力', '及', '視覺', '空間', '工作', '記憶', '作業', '施測', '時', '長', '共', '約', '分鐘', '參加', '條件', '歲', '以上', '且', '辯色', '能力', '無', '異常', '慣用', '手為', '右手', '者', '四肢', '健全', '雙腳', '無', '運動', '能力', '缺陷', '且', '無', '相關', '心臟', '疾病', '之', '病史', '研究', '地點', '人社', '二館', '認知', '心理', '實驗室', '致謝', '本', '研究', '將', '贈送', '全家', '便利商店', '禮物卡', '以', '感謝', '您', '撥空', '參加', '若', '在', '本', '研究', '中途', '退出', '的', '受', '試', '者', '亦', '將', '以', '部分', '禮物卡', '致謝', '提醒', '本', '研究', '須', '持續', '運動', '分鐘', '同時', '不', '提供', '毛巾', '與', '飲用水', '報名', '若', '您', '願意', '參與', '本', '研究', '敬請', '填寫', '以下', '表單', '勾', '選', '您', '可以', '的', '時間', '我們', '會', '再', '進行', '媒合', '收到', '表單', '後', '我們', '會', '回信', '給', '您', '並且', '進行', '確認', '請', '確認', '有', '收到', '回信', '後', '才', '算是', '報名', '成功']"
237,"['如', '題', '有沒有', '一起', '修', '這', '堂', '課', '的', '同學', '有', '找到', '關於', '期末', '報告', '第二', '題', '東西', '文化', '交流', '的', '歷史', '回顧', '目的', '及', '成效', '的', '答案', '呢', '我', '找', '了', '好', '久', '都', '找', '不', '到', '老師', '給', '的', '教材', '蠻', '雜', '的']"
288,"['如', '題', '有', '人', '有', '上面', '那', '個', '的', '考古題', '嗎', '拜託', '救救', '我', '期末', '快', '念', '不', '完', '可以', '請', '你', '喝', '你', '想要', '飲料', '謝謝', '大家']"
292,"['星期五', '沒', '去', '有', '好心人', '可以', '幫', '一下', '嗎']"
297,"['請問', '題庫', '的', '密碼', '有', '人', '知道', '嗎']"
298,"['留言', '謝謝', '期末', '好運', '班長', '讓', '你', '的', '分數', '從未', '失去', '一定', '能', '考好', '成績']"
302,"['請', '留言', '謝謝', '期末', '好運', '國動', '讓', '班', '上', '討厭', '的', '同學', '被', '當', '自己', '歐', '趴']"
315,"['大家', '覺得', '這', '次', '會計', '期末', '難易度', '如何']"
313,"['你', '已', '被', '期末', '好運', '囧', '哥', '造訪', '祝', '大家', '期末考', '都', '能', '歐', '趴']"
322,"['請問', '有', '人', '知道', '林益泓', '老師', '的', '初級', '日文', '期末', '範圍', '嗎', '不好意思', '那', '天', '剛好', '有事', '沒', '去就', '沒', '聽到', '考試', '範圍', '了']"
353,"['看', '了', '一下', '總共', '有', '六', '大', '題', '範圍', '比', '想像', '中', '的', '難', '請問', '有', '同學', '有', '紀錄', '老師', '的', '配分', '方式', '嗎', '可以', '告訴', '我', '嗎', '我', '上', '個', '禮拜', '四', '有', '去', '上課', '但是', '前', '一', '天', '晚上', '熬夜', '打', '報告', '所以', '上課', '的', '時候', '處於', '半', '昏迷', '狀態', '錯過', '了', '配分', '的', '部分']"
362,"['雖然', '明天', '就', '要', '期末考', '真', '頭痛', '阿', '書', '都', '還', '沒', '讀完', '但是', '一', '想到', '可以', '回家', '擺脫', '討厭', '的', '室友', '就', '很', '開心', '終於', '可以', '回家', '當', '公主', '了']"
367,"['請問', '有', '人', '知道', '明清', '話本', '小說', '老師', '上課', '講', '了', '哪', '幾', '篇', '嗎', '期末', '有', '三', '篇', '文章', '可以', '自選', '但', '不', '知道', '老師', '上課', '講', '的', '到底', '是', '哪', '幾', '篇', '聽說', '好像', '上課', '講', '的', '也', '會考', '進去']"
369,"['想', '問', '一下', '交卷', '後', '是', '看', '不', '到', '自己', '寫', '的', '了', '嗎', '怎麼', '都', '找', '不', '到', '在', '哪', '看']"
432,"['請問', '四', '政府', '會計', '考試', '教室', '在', '哪', '呢', '有', '聽到', '在', '大仁館', '但', '教室', '號碼', '忘記', '了', '希望', '有', '修', '這', '門', '課', '的', '同學', '可以', '幫幫', '我', '告訴', '我', '在', '哪', '祝', '您', '期末', '雨傘', '不會', '壞']"
448,"['請問', '有', '同學', '或者', '學長', '姐', '可以', '提供', '一下', '筆記', '嗎', '或者', '教', '一下', '我', '如何', '讀', '嗎', '例如', '要', '背', '什麼', '之類', '的', '真的', '不', '知道', '語概', '要', '怎麼', '讀', '才', '可以', '安穩', '及格', '以前', '選擇題', '明明', '都', '已經', '很', '難', '現在', '還', '改', '了', '感謝']"
453,"['老師', '上課', '有', '講到', '考試', '範圍', '不過', '剛', '錄音', '的', '時候', '老師', '就', '說完', '了', '記事本', '寫', '第五', '章', '不', '考', '但', '錄音', '老師', '也', '說', '第六', '章', '不', '考', '怕', '自己', '打錯', '想', '問', '有沒有', '一同', '修習', '這', '堂', '課', '的', '好心人', '告知', '一下', '謝謝']"
496,"['看', '是', '說', '北醫', '會', '有', '人', '用', '嗎', '想', '聊天', '或', '想', '發病', '或', '當', '宅宅', '的', '可以', '加', '看看', '雖然', '應該', '不會', '有', '人', '加', '啦']"
539,"['請問', '董', '老師', '星期一', '有', '說', '考試', '方式', '嗎', '那', '天', '生病', '沒', '去', '上課', '也', '沒有', '認識', '一起', '修', '的']"
540,"['這', '學期', '修', '了', '李忠榮', '老師', '的', '微積分', '網修課', '但', '上', '禮拜', '沒', '去', '上到', '網修', '的', '面授', '有沒有', '好心', '的', '大大', '有', '去', '上課', '的', '可以', '分享', '老師', '有沒有', '特別', '提到', '哪些', '會考', '的', '嗎', '拜託', '了', '祝', '大家', '期末考', '順利']"
577,"['想', '問問', '有', '修', '過', '姚姚', '英文', '的', '學長', '姐們', '期末', '默寫', '有', '什麼', '要', '一定', '要', '注意', '的', '地方', '標點符號', '後面', '空', '一', '格', '之類', '的', '單字', '之間', '的', '空格', '不能', '太', '大', '希望', '大家', '期末', '都', '歐', '趴']"
647,"['求', '好心人', '想', '問', '一下', '越', '文', '期末考', '要', '考', '什麼', '呢', '範圍', '是', '課', '嗎', '選擇題', '嗎']"
649,"['想', '請問', '一下', '佛學', '期末考', '的', '觀修', '死', '無常', '他', '是', '怎麼', '解釋', '的', '拜託', '各位', '大', '神', '了', '他', '的', '黑板', '字', '真', '得', '看', '不', '懂']"
675,"['這', '個', '禮拜', '有', '其他', '事', '所以', '沒有', '到', '課', '想', '請問', '期末考', '考試', '內容', '謝謝']"
713,"['那', '個', '不好意思', '因為', '之前', '身體', '狀況', '差', '所以', '有', '段', '時間', '沒', '去', '上課', '而且', '班', '上', '沒有', '認識', '的', '同學', '所以', '沒有', '聽到', '期末', '報告', '要', '寫', '什麼', '內容', '求求', '有', '上', '鄭勝華', '老師', '藝術', '行政', '的', '同學', '可以', '跟', '我', '說', '一下', '報告', '要', '寫', '什麼', '內容', '嗎', '不好意思', '麻煩', '了']"
853,"['敢問板', '上', '學長', '姐', '小弟', '一', '邊', '準備', '國', '考', '一', '邊', '準備', '期末', '實在', '分身乏術', '請問', '除了', '方濟', '其他', '科', '有', '當', '人', '的', '掛', '嗎', '感恩']"
16,"['趕快', '去', '看醫生', '要', '期末', '了']"
31,"['到底', '要', '多', '混', '才', '會', '被', '現在', '不', '是', '一', '堆', '有', '考', '期中', '期末', '就', '保', '底']"
35,"['有', '些', '系', '很', '硬', '沒', '多', '帶', '點', '通識', '緩衝', '期末', '真的', '超', '怕', '被', '二一']"
43,"['非系隊', '的', '話', '要', '去', '繳', '元', '學期', '使用費', '學生價', '然後', '時間', '是', '二五', '晚上']"
44,"['平日', '白天', '沒有', '在', '上', '體育課', '都', '可以', '去', '打', '啦', '晚上', '都', '是', '給', '系', '隊', '或', '教職員', '使用']"
45,"['我', '都', '中午', '打']"
46,"['好奇', '問', '個', '那', '籃球', '的', '部分', '白天', '沒', '課', '的', '時候', '也', '可以', '去', '打', '嗎']"
47,"['應該', '可以', '吧', '我', '每', '次', '早上', '去', '學校', '或', '中午', '吃飯', '都', '會', '看到', '零星人', '在', '練球']"
52,"['謝謝', '你', '的', '回答', '祝', '你', '期末', '順利']"
67,"['期末考', '跟', '上台', '報告', '全部', '結束', '剩', '一些', '線上', '繳交', '的', '書面', '報告']"
72,"['搞不好', '是', '吃', '期末', '火鍋', '趴']"
73,"['剛剛', '在', '資訊', '考試', '希望', '期末', '考卷', '不要', '被', '燒掉']"
87,"['我', '上', '學期', '也', '這樣', '還', '有', '消費稅', '跟', '本', '系', '的', '一', '堆', '必修', '期末考科', '還是', '活過來', '了', '加油加油', '累', '了', '就', '去', '吃', '個', '好吃', '的', '回來', '再', '加油']"
92,"['如果', '有', '好好', '每', '天都', '讀', '一點', '書', '的', '話', '期末', '不至於', '太', '累']"
96,"['我', '有', '經微中', '成', '會', '初', '韓', '加上', '本', '系', '必修', '感覺', '比', '你', '輕鬆點', '哈哈', '一起', '加油', '撐', '過期', '末', '吧', '兄弟']"
136,"['明進', '的', '課', '點名', '有', '到', '期末', '會', '加分', '嗎']"
210,"['不', '知道', '學生會', '看', '不', '看', '得到', '這', '篇', '但', '我', '想', '跟', '你們', '說', '謝謝', '祝', '你們', '期末', '歐', '趴']"
234,"['推', '暖']"
235,"['明後天', '很', '冷', '注意', '保暖', '期末', '歐', '趴', '大家', '加油']"
236,"['大家', '考試', '加油']"
237,"['就', '沒有', '人', '跟', '我', '一樣', '喜歡', '這', '種', '冷天', '嗎']"
238,"['可以', '冷', '但', '不要', '下雨', '啊']"
239,"['幹', '有', '道理', '但', '我', '家', '住', '林口', '所以', '習慣', '惡劣', '天氣', '了', '溼', '冷', '大', '風', '起霧', '都', '是', '日常']"
242,"['星期六', '這麼', '冷', '還要', '考', '高', '會', '期末', '更', '心寒', '的', '是', '讀', '不', '完']"
247,"['在', '準備', '轉系', '考', '的', '同時', '也', '還要', '應付', '系', '上', '的', '考試', '馬的', '教授', '說', '不', '會考', '的', '東西', '考', '了', '一', '整個', '表格', '實在', '是', '又', '氣', '又', '無奈', '好', '就算', '這麼多', '不', '順', '還', '天氣', '很', '冷', '但', '我', '不會', '動搖', '想要', '拼', '轉系', '考', '的', '決心', '祝福', '大家', '期末', '歐', '趴', '想要', '轉學', '轉系', '雙輔', '的', '通通', '都', '能', '成績', '達', '標']"
248,"['寒流', '是', '提前', '了', '嗎']"
249,['海豹']
250,['海狗']
251,
252,
255,"['主要', '是', '簡報', '內容', '還', '有', '電影', '跟', '老師', '口頭', '講解', '的', '部分', '考', '選擇', '及', '填充']"
256,"['就', '看', '簡報', '吧', '你', '覺得', '不', '會考', '的', '都', '會考', '加油']"
259,"['是', '這', '這', '周', '喔']"
260,"['那', '下', '週', '還要', '去', '上課', '嗎']"
261,"['下', '週', '都', '準備', '放假', '了', '哈哈']"
262,
263,"['感謝', '求救']"
264,"['乾', '平時', '作業', '我', '都', '沒', '交', '欸', '我', '的', '天']"
265,"['後來', '只有', '一', '個', '平時', '作業', '而已']"
268,"['自己', '讀', '吧', '你', '有', '聽', '過', '明', '清史', '期末', '清兵', '還', '沒', '入關', '的', '故事', '嗎']"
330,"['這', '個', '是', '再', '前', '一年']"
301,"['成績', '有', '出來', '嗎', '我', '找', '了', '信箱', '也', '沒', '看到']"
302,"['裏', '有', '按', '右上角', '課程', '然後', '成績', '才', '會', '出現']"
303,"['哈哈', '期末', '準備', '被', '當']"
331,"['太', '感謝', '你', '了', '雖然', '再', '前', '一年', '的', '這', '個', '好像', '不', '是', '老師', '上', '傳', '的', '考古題', '但', '還是', '謝謝']"
323,卡
324,"['我', '有', '只是', '要', '怎麼', '給', '妳']"
325,"['我', '也好', '想要', '答案', '不然', '都', '不', '知道', '有沒有', '寫錯']"
326,"['可以', '傳', '在', '這邊', '嗎', '謝謝', '妳']"
327,"['我', '也好', '想', '知道', '明明', '都', '有', '上課', '可是', '好多', '題', '都', '寫不出', '來', '快', '哭', '了', '可以', '傳', '在', '這裡', '嗎', '謝謝', '你']"
328,"['等', '偶', '一下下', '正在', '截圖哈', '哈哈']"
329,
332,['感謝']
333,"['好人', '一生', '平安', '祝', '上廁所', '都', '有', '衛生紙', '雨傘', '都', '不會', '被', '幹', '走']"
334,"['感謝', '上帝', '讓', '我', '在', '考', '前', '一', '天', '看到', '這', '個', '但', '我', '要', '睡', '了', '嘻嘻', '大家', '加油']"
335,"['寫', '了', '沒用', '喇文傑', '完全', '不', '重複', '的', '題型', '就算', '一樣', '也', '會', '把', '數字', '改到', '變', '另外', '一', '題']"
336,"['每', '次', '期末', '就', '一', '堆', '人', '掛', '病號', '不', '去', '上課', '再', '來', '低卡', '哭']"
337,"['講', '得', '好像', '你', '一輩子', '都', '不會', '生病', '一樣']"
338,"['下', '禮拜', '交', '報告', '然後', '一樣', '會', '上課', '就', '醬', '子']"
339,"['感謝', '好人', '一生', '平安']"
340,"['我', '是', '不', '知道', '會不會', '生病', '啦', '老師', '月', '初', '就', '講', '了', '助教', '也', '有', '在', '發文', '還', '來', '這', '問', '喔']"
341,"['報告', '是', '一樣', '交到', '雲端', '嗎', '還是', '交到', '哪裡']"
342,"['可能', '還要', '再', '跟', '助教', '確認', '欸', '上', '次', '有', '隱私', '疑慮', '的', '樣子']"
343,"['好', '因為', '老師', '好像', '都', '沒', '提到', '所以', '我', '也', '很', '疑惑']"
367,"['系', '上', '加', '雙主', '學分', '那', '學期', '系', '排', '那', '學期', '真的', '是', '每', '個', '週末', '都', '在', '唸書', '尤其', '是', '期末考', '全部', '擠', '在', '同一週', '真的', '會', '崩潰', '後來', '放棄', '雙主', '學位', '人生', '過', '得', '快樂', '很多', '你', '加油']"
369,"['阿斌人超', '讚']"
370,"['彥斌', '真的', '是', '每', '個', '禮拜', '三', '的', '救贖']"
371,"['幫', '彥斌哭', '不過', '希望', '期末', '佛', '一點']"
372,"['同學', '幫', '我們', '唸', '一下', '好', '嗎']"
373,"['洸', '岳考', '一', '題', '共有', '和', '三', '題', '抵押權']"
374,"['我', '完', '了']"
375,"['我', '期末', '也', '超', '多']"
376,"['求助', '教']"
377,"['不', '是', '公', '同', '共有', '嗎', '我', '記得', '洸', '岳', '說', '共有', '期中', '作業', '寫', '過', '了', '期末', '不', '考']"
382,"['猜完', '就', '出來', '啦']"
383,"['來', '找', '我', '我', '寫給', '你']"
384,"['竹蒸', '你', '好了', '喔']"
385,"['竹', '爭', '你', '夠', '了', '喔']"
386,"['竺', '徵']"
387,"['可以', '找', '國貿', '卷哥', '拿']"
388,
389,"['直接', '公佈', '課名', '啊']"
390,"['資料', '分析', '與', '程式', '設計', '入門', '當初', '選上', '以為', '是', '爽課', '結果', '選錯', '老師', '直接', '帶', '我', '下', '地獄']"
391,"['是', '哪', '一', '個', '老師', '的', '啊']"
392,"['余', '千智', '哦', '資管系', '活化石']"
393,"['踏', '馬的', '我', '現在', '也', '氣到', '快', '中風']"
394,"['根本', '沒', '在', '上課', '是', '要', '大家', '做出', '多', '厲害', '的', '東西', '而且', '我', '覺得', '其實', '大家', '都', '做', '得', '不錯', '啊']"
395,"['荒謬', '到', '蠻', '好笑', '的', '那', '還是', '助教', '教', '的']"
396,"['期末', '評鑑', '填起來']"
397,"['幹', '真的', '其實', '大家', '很', '厲害', '欸']"
398,"['他', '這樣', '全程', '高能', '我', '的', '肚子', '真的', '會', '撐不住', '直接', '笑破']"
399,"['感覺', '他', '蠻', '想', '紅', '的']"
400,"['要求', '有', '夠多', '明明', '自己', '根本', '沒', '在', '教課']"
401,"['樓上', '各位', '都', '不', '知道', '斯斯', '有', '兩', '種', '這麼', '幽默', '的', '老師', '還', '嫌']"
402,"['才', '公告', '報告', '要', '做', '什麼', '是', '想要', '大家', '做', '的', '多', '好']"
403,"['余盃', '的', '風格', '一直', '都', '這樣', '啊', '不過', '老師', '要求', '多', '歸', '多', '對', '學生', '還是', '很', '好', '啦', '認真', '學', '其實', '可以', '學到', '很多', '只是', '這', '門', '課', '設定', '上', '就是', '要', '看', '影片', '所以', '也許', '老師', '習慣', '的', '教學', '模式', '被', '限制', '了', '吧']"
404,"['有沒有', '影片']"
405,"['有夠', '沒', '禮貌', '沒', '讓', '人', '講完', '一', '張', '過', '不管', '你', '多', '厲害', '基本', '禮貌', '都', '沒有', '況且', '他', '還', '教', '很', '爛']"
406,
407,"['不', '對', '吧', '這', '堂', '課', '之前', '修', '其他', '老師', '的', '面授', '不', '是', '看', '影片', '是', '實作', '欸']"
408,"['你', '的', '資料', '表到', '的', '有', '幾', '個', '好了', '好了', '快點', '跳過', '做到', '什麼', '就', '講', '什麼']"
409,"['今天', '上課', '上', '得', '好不好', '是', '一', '回', '事', '報告', '給', '不', '給', '尊重', '又', '是', '另外', '一', '回', '事', '但', '兩', '個', '都', '做', '不', '好', '沒', '事']"
410,"['老師', '問完', '問題', '後', '報告', '的', '同學', '準備', '回答', '余', '好了', '可以', '了', '可以', '了']"
411,"['考試', '難度', '也', '根本', '跟', '上課', '不', '一樣', '啊', '要不是', '助教', '有', '加課', '根本', '要', '直接', '放棄', '整', '份', '考試', '了', '吧']"
412,"['要不要', '開', '個', '避雷針', '樓', '阿']"
413,"['助教', '同學', '等下', '不要', '生氣', '喔']"
414,"['助教', '大家', '放鬆', '點', '這', '只是', '一', '場', '秀']"
415,"['不', '是', '啦', '資料', '分析', '與', '程式', '設計', '入門', '一定', '要', '選', '欣', '綠', '或', '曉', '惠']"
416,"['教授', '如果', '不', '想', '聽', '報告', '的', '話', '其實', '可以', '把', '報告', '拿掉', '啦', '真的', '不用', '這麼', '勉強', '自己', '聽', '這些', '傷', '耳朵', '的', '東西', '如果', '是', '希望', '所有人', '一', '次', '交出', '完美', '的', '成品', '在', '選課', '簡介', '時', '能', '備註', '建議', '有', '一定', '基礎', '者', '選修', '比較', '不會', '浪費', '教授', '您', '的', '寶貴', '時間', '喔', '我', '本來', '要', '在', '期末', '意見', '寫', '這樣', '然後', '想起', '那', '個', '調查', '不', '是', '完全', '匿名', '就', '通通', '刪掉', '對', '我', '就是', '俗', '辣', '啦', '如果', '我', '能', '做出', '一', '個', '完全', '符合', '公司', '需求', '的', '系統', '我', '還', '需要', '坐', '在', '這裡', '聽課', '嗎', '呵呵']"
417,"['教學', '評量', '是', '完全', '匿名', '的', '啊', '可以', '放心', '寫', '你', '說', '的', '不', '完全', '匿名', '一直', '以來', '只是', '都市', '傳說', '而且', '就是', '因為', '匿名', '才', '會', '有', '聲音', '想', '廢掉', '它', '太多', '老師', '看', '這', '個', '調查', '不', '順眼', '了', '又', '不能', '查', '是', '誰', '寫', '的']"
418,"['老師', '其實', '是', '可以', '跟', '學校', '申請', '公開', '的', '喔', '我', '同學', '有', '寫', '過', '建言', '結果', '沒', '過', '多久', '就', '被', '老師', '找去', '關注', '老師', '講', '的', '還是', '他', '建言', '寫', '的', '內容']"
419,"['不用', '怕', '啊', '這', '是', '學期課', '之後', '妳', '也', '不會', '再', '上', '他', '的', '課', '了', '吧', '他', '知道', '又', '能', '怎麼樣']"
420,"['這', '其實', '是', '被', '討論到', '爛', '的', '問題', '了', '要', '有', '充分', '理由', '像是', '被', '人身攻擊', '才', '有', '可能', '被', '追查', '就', '像', '你我', '在', '這邊', '留言', '一樣', '正常', '來', '說', '都', '是', '匿名', '的', '不過', '教授', '有', '可能', '透過', '文字', '猜測', '出', '是', '誰', '寫', '的', '畢竟', '他們', '都', '對', '文字', '很', '敏感', '如果', '批評', '涉及', '特殊', '專屬', '狀況', '而且', '教授', '又', '玻璃心', '攻擊力', '強大', '直接', '猜到', '你', '是', '誰', '而', '把', '你', '找來', '聊', '很', '正常', '的', '但', '碰到', '這', '狀況', '以', '現在', '這', '個', '社群', '時代', '教授', '會', '直接', '黑掉', '吧', '當然', '也', '可能', '他', '不', '怕', '招黑', '就是了']"
421,['笑死']
436,
437,
438,['輕鬆']
439,
440,['滿分']
441,
442,"['我', '意外', '的', '高']"
443,"['哪裡', '看']"
444,"['或', '寄', '信', '問']"
445,"['看到', '了', '感恩']"
446,"['感謝', '老天', '保佑']"
447,
448,"['真假', '大家', '都', '那麼', '高']"
449,
556,"['到底', '是', '誰', '啊', '坐', '第幾', '排']"
557,"['我', '更', '想', '姦', '你']"
520,"['老師', '上課', '最後', '一', '節', '都', '講', '過', '了', '不過', '他', '會', '看', '你', '可以', '等', '他', '回', '你']"
521,"['中醫', '五行', '哪', '五', '種', '基本', '關係', '為何', '就是', '木火土', '金水', '那', '個', '在', '第六', '篇', '四', '君子湯', '四', '物', '湯組', '成熟', '地', '八珍', '湯', '兩', '種', '加起來', '然後', '十二', '經絡', '那些', '的', '手', '太陰', '肺經', '那', '個', '還', '有', '一些', '不', '確定', '可能', '要', '問', '別人', '了', '給', '個', '參考', '自己', '斟酌', '祝', '期末', '順利', '希望', '有', '幫', '到', '一點']"
534,
558,"['經血', '的', '味道']"
535,"['考', '最近', '手', '放開', '還', '有', '癡心', '絕對']"
536,"['趴', '名詞', '解釋', '趴', '申論', '構成', '要件', '那邊', '有', '誤', '跟', '我', '說']"
537,"['眼', '底', '星空', '實例', '研習']"
538,"['申論', '會', '有', '實例', '用', '引導式', '問法', '然後', '法條', '會考', '殺人', '的', '部分', '尤其', '第', '條']"
539,"['想', '用', '一', '杯', '把', '你', '灌醉']"
540,"['上台', '唱', '一', '首', '老師', '的', '歌', '導師', '們', '評分', '轉身', '才', '給', '過']"
541,"['你', '說', '最後', '的', '疼愛', '是', '手', '放開']"
542,"['你', '想要', '的', '我', '卻', '不能夠', '給', '你我', '全部']"
543,"['借版', '問', '主觀', '構成', '要件', '客體', '錯誤', '後面', '那邊', '要', '考', '嗎', '原本', '說', '考到', '客觀', '構成', '要件', '今天', '老師', '又', '提到', '主觀', '也', '要', '考']"
546,"['是', '早上', '十', '點到', '十二點', '的', '行政學', '考試', '嗎', '我', '也', '聞到', '了', '臭', '爆']"
547,['笑死']
548,"['哈哈', '是', '我', '啦']"
549,"['一定', '不正']"
550,"['可能', '太', '緊張', '拉', '在', '褲子', '裡', '了']"
551,['笑死']
552,"['粉頭', '怎', '還', '沒', '出來', '抨擊', '父權', '女生', '就', '一定', '要', '香香', '的', '嗎', '你', '是', '不', '是', '想', '強姦', '人家']"
553,"['樓上', '的', '言論', '也', '有夠', '臭']"
554,
555,"['不', '知道', '莊九', '這', '幾', '天', '沒', '熱水', '嗎']"
559,"['乾', '整個', '沒', '心情', '考試', '了', '氣死']"
560,"['真的', '害', '我', '考到', '一半', '直接', '不', '想', '考', '交卷']"
561,"['啊', '就', '不會', '寫咩', '找', '藉口']"
562,"['是', '中途', '交卷', '黑黑', '的', '男生', '嗎', '那', '我', '知道', '是', '哪', '位', '女生', '呢', '哈哈']"
563,"['我', '很', '肯定', '不', '是', '我', '用', '方陣', '查到', '了', '是', '在', '座標', '附近', '跟', '中庸', '之', '道式', '領導', '同', '座標']"
564,"['那', '個', '臭味', '直接', '讓', '我', '連', '理論', '的', '都', '沒辦法', '達成']"
565,"['好好笑', '我', '坐', '靠', '前', '沒', '聞到', '倒是', '不', '知道', '是', '誰', '有', '淡淡', '的', '好像', '是', '熊', '寶貝', '的', '味道', '香香', '的']"
566,"['期末', '很', '忙', '拜託', '大家', '還是', '要', '洗澡']"
567,"['到底', '是', '誰', '啦', '吼']"
568,
569,"['哈哈', '是', '我', '啦']"
570,"['天啊', '如果', '長', '的', '正', '那', '對', '我', '而', '言', '臭味', '是', '一', '種', '獎勵']"
571,"['笑死', '誰', '啦']"
572,"['卡', '是', '誰', '我', '一定', '每', '堂', '都', '坐', '她', '旁邊']"
574,"['就是', '沒', '方向', '你', '把', '法條', '抄一抄', '再', '唬爛', '幾', '句', '就', '好']"
575,"['萬壽', '橋頭', '秀', '明']"
576,"['安', '啦', '查', '法典', '大賽']"
577,"['別', '擔心', '三樓', '提早', '交卷', '還']"
578,"['隨便', '寫', '也', '過', '有', '去就', '會', '過']"
579,"['永和人', '之', '恥']"
580,"['所以', '跟', '他', '考古題', '有關', '嗎']"
587,"['我', '有', '一', '堂', '課', '老師', '說', '是', '加分', '的', '依據', '我', '整', '學期', '全勤', '但', '有時候', '忘記', '掃', '覺得', '超', '幹', '的', '重點', '還是', '期末', '了', '才', '寄', '信', '說', '有', '這', '個', '加分', '機制', '說', '的', '有夠', '模糊', '的', '標準', '都', '老師', '自己', '訂', '凸凸']"
613,"['下', '次', '可以', '順便', '附註', '哪些', '的', '男', '主', '是', '好看', '的', '嗎', '謝謝', '期末', '加油']"
621,"['他', '考', '什麼', '又', '不', '重要', '重要', '的', '是', '有沒有', '認識', '的', '大', '神']"
623,"['幹嘛', '你', '同志', '有', '興趣']"
624,"['真的', '嗎']"
625,"['真假', '害', '我', '也', '想', '去', '了']"
626,"['我', '中', '常客', '假', '的']"
627,"['同志', '有', '錯', '嗎']"
628,"['並', '沒有', '吧', '魯宅', '一', '堆', '超', '噁']"
629,"['是', '時候', '去', '逛逛', '了']"
630,"['沒', '錯', '啊', '我', '只是', '問', '他', '有沒有', '興趣', '而已']"
631,"['我', '倒', '覺得', '工四', '很多', '帥哥']"
632,"['啊', '為什麼', '我', '只', '會', '遇到', '噁', '男']"
633,"['因為', '肥宅', '不會', '走到']"
634,"['怎', '說']"
635,"['不', '好說', '是', '沒有', '到', '很', '噁', '只是', '讓', '我', '有一點點', '害怕', '而已', '嗚嗚']"
636,"['我', '有']"
637,"['那', '能', '介紹', '嗎']"
673,"['還', '有', '想', '問問', '老師', '有沒有', '公佈', '期末考', '相關', '或', '其他', '的', '事情', '感謝']"
740,"['後悔', '考', '期末', '了', '吧']"
729,"['趕快', '去', '看醫生', '要', '期末', '了']"
747,"['直翻', '吧', '祝', '那些', '不', '讀', '公告', '的', '同學', '期末', '沒有', '那麼', '好', '但', '可以', '接受', '的', '運', '第一', '次', '看到', '這', '個', '用法']"
772,"['期末考', '壓力', '大', '到', '幻聽', '了', '嗎']"
779,"['讓', '我', '期末', '除了', '化學', '都', '歐', '趴', '拜託拜託']"
840,"['期末', '期間', '最', '和平', '的', '串']"
868,"['早', '就', '查', '過', '但', '沒', '特別', '提綜圖', '但', '我', '記得', '之前', '有', '特別', '因為', '期末', '而', '開', '的', '經驗', '所以', '才', '不', '確定', '藍', '頭', '真', '滴', '派', '我', '喜歡']"
869,"['謝謝', '你', '可是', '這', '個', '是', '一般', '時間', '因為', '我', '記得', '期末考', '前', '會', '延長', '開放']"
877,"['我', '去年', '上', '長照', '整', '學期', '只', '舉手', '發言', '次', '然後', '都', '沒', '翹課', '最後', '成績', '可能', '我們', '組', '期末', '報告', '比較', '差']"
958,"['今年', '怎麼', '也', '進度', '這麼少', '啊', '去年', '也', '是', '只', '上', '這些', '而且', '期末', '考卷', '老師', '還', '忘記', '出', '等', '了', '一', '個', '小時', '才', '有', '考卷', '可以', '寫']"
959,"['所以', '是', '兩', '題', '實例', '題', '對', '嗎', '謝謝', '你', '的', '幫忙', '祝', '你', '期末', '順利']"
994,"['躺', '在', '床', '上', '蓋', '著', '棉被', '睡覺', '期末考', '直接', '給他', '掰掰', '或是', '找', '個', '溫暖', '的', '人', '溫暖', '你']"
1026,"['問問看', '有', '聯絡', '過', '他', '的', '同學', '不行', '嗎', '我', '第一', '次', '上', '他', '的', '課', '說不定', '這', '位', '老師', '有', '特定', '的', '聯絡', '方式', '是', '我', '不', '知道', '的', '而且', '我', '把', '他', '信箱', '丟', '上來', '只是', '為了', '讓', '那些', '寄過信', '的', '學生', '們', '看看', '而已', '你', '也', '真的', '是', '很', '無聊', '有空', '在', '這邊', '講', '無聊', '言論', '還不如', '去', '讀', '期末考', '吧']"
1092,"['嗨', '我', '是', '號桌', '的', '那', '個', '男生', '跟', '不同', '人', '唷', '你', '想', '看', '截圖', '也', '可以', '截', '給', '你', '看', '我們', '在', '店員', '把', '盤子', '收走', '之後', '只', '再', '喝', '一', '杯', '紅茶', '就', '走', '了', '我', '是', '不', '太', '懂', '為什麼', '會', '覺得', '我們', '把', '他', '當', '星', '巴克', '我', '也', '不', '知道', '為什麼', '只', '針對', '我們', '這', '桌', '明明', '有', '好幾', '桌', '比', '我們', '早', '進來', '也', '都', '還', '沒', '走', '的', '最後', '我', '也', '不理', '解為', '什麼', '是', '我們', '害', '你們', '吃', '不', '到', '沒', '位置', '可以', '等', '啊', '下', '禮拜', '期末考', '大家', '讀書', '都', '很', '累', '想', '休息', '一下', '可以', '體諒', '一下', '別人', '嗎', '拜託', '最後', '祝', '你們', '期末', '歐', '趴', '唷']"
1111,"['都', '要', '期末考', '了', '還', '打麻將']"
1144,"['謝謝', '你', '祝', '你', '期末']"
1157,"['非常', '感謝', '你', '祝', '你', '期末', '歐', '趴', '大學', '四年', '都', '歐', '趴']"
1173,"['請問', '這', '堂', '期中', '期末', '很', '重', '或', '報告', '嗎', '下', '學期', '想選祝', '考試', '順利']"
1271,"['資訊系', '微', '算', '機', '期末', '分組', '不用', '報告', '還', '能', '和', '組員', '一起', '看', '日出', '多', '棒']"
1273,"['真', '壞', '明明', '就是', '堂', '糞', '課', '期中', '期末', '都', '有', '紙筆', '還要', '上', '機', '期末', '還', '有']"
1554,"['期末', '刪', '了', '啦']"
1482,"['教到', '第八', '個', '使', '役', '助動詞', '講義', '考試', '就', '考到', '這', '期末', '加油']"
1496,"['丞丞乖', '趕快', '去', '讀', '期末考']"
1517,"['靠', '北版講', '不', '夠', '還要', '在', '講', '呀', '看來', '大家', '都', '很', '閒', '呢', '期末', '不用', '念', '喔', '真', '希望', '你', '期末', '順利', '呀', '有', '空閒', '時間', '去', '念書', '不', '好在', '這邊', '靠', '北', '別人', '是', '想', '從', '自', '己身', '上', '獲得', '榮譽感', '嗎']"
1556,"['之前', '打到', '但', '期末', '刪', '了']"
1518,"['我', '不', '太', '懂', '公育', '錯', '在', '哪', '有沒有', '人', '可以', '具體', '告訴', '我', '她們', '錯', '的', '點', '期末考', '壓力', '大', '到', '不行', '看到', '公育', '潑', '的', '文', '下面', '的', '留言', '咩', '噗', '的', '笑', '了', '出來', '謝謝', '公育', '帶給', '我', '在', '期末', '高壓', '下', '的', '閒暇', '歡樂', '希望', '妳們', '可以', '平安', '渡過', '期末', '不要', '理會', '那些', '鍵盤', '手']"
1561,"['沒', '事', '啦', '是', '我', '期末', '爆炸', '的', '聲音']"
1551,"['現在', '正在', '看', '期末', '快', '到', '了', '我', '還', '在', '看', '我', '是', '大便']"
1625,"['出席率', '小', '考考', '不', '好', '期中', '期末', '左右']"
1634,"['你', '幹嘛', '一直', '考古', '啊', '期末', '沒', '事', '做', '嗎']"
1762,"['好奇', '原潑', '期末', '讀完', '了', '嗎']"
1775,"['謝謝', '期末', '好運', '班長', '我', '要', '歐', '嗨', '趴']"
1789,"['沒', '差', '啊', '期末', '報告', '擺爛', '的', '同學', '我', '一定', '去', '現場', '打', '你', '一定', '打', '你']"
1948,"['那', '天', '就', '交期', '末', '作業', '順便', '打', '成績', '了']"
1952,"['郭玲妦', '老師人', '很', '好', '但', '每', '堂', '都', '要', '寫', '學習', '單', '那', '時候', '期中', '我們', '是', '考', '筆試', '期末', '分組', '報告', '不', '難']"
1960,"['周', '老師', '每', '堂', '課', '都', '會', '點名', '上課', '他', '上', '他', '的', '你', '睡', '你', '的', '期中', '考試', '期末', '上台', '報告', '不', '難']"
1986,"['再', '冷', '也', '要', '去', '現在', '不', '努力', '期末', '就', '要', '被', '當', '了', '哦']"
2013,"['這', '學期', '上', '他', '的', '排球課', '我', '覺得', '老師人', '很', '好', '喔', '雖然', '每', '堂', '一', '上課', '都', '會', '點名', '但', '可以', '補', '點', '期中考', '考', '對', '傳', '印象', '中', '好像', '是', '還', '顆', '不', '掉', '就', '滿分', '有點', '忘', '了', '哈哈', '打完', '自己', '去', '找', '他', '報', '顆', '數', '就', '好', '期末考', '攻擊', '不用', '擔心', '網', '太', '高打', '不', '過去', '他', '會', '幫忙', '放低', '網子', '然後', '也', '都', '可以', '補考', '還', '不錯', '滴']"
2080,"['請問', '原', '期末', '問卷', '是', '選擇題', '還是', '需要', '上', '傳', '報告', '呢']"
2129,"['祝', '你', '明天', '就', '交到', '女友', '期末考', '都']"
2247,"['反正', '也', '擋不了', '期末', '爆炸']"
2298,"['上', '過', '性別', '那', '堂', '老師人', '很', '好', '上課', '不會', '管', '你', '在', '幹嘛', '內容', '也', '蠻', '貼近', '時事', '與', '生活', '的', '有', '小', '作業', '跟', '一', '份', '期末', '團體', '報告', '分數', '也', '甜']"
2299,"['文惠', '的', '課', '不', '算', '涼', '不能', '滑', '手機', '跟', '睡覺', '會', '學到', '很多', '很', '推', '課堂', '會', '分組', '進行', '討論', '非常', '多', '討論', '要', '舉手', '發表', '自己', '的', '想法', '因為', '文惠', '說', '期末', '評分', '時', '如果', '她', '對', '你', '沒', '印象', '就', '會', '很', '危險', '可能', '會', '被', '當', '如果', '長', '得', '很', '有', '記憶性', '就', '很', '吃香', '沒有', '作業', '有', '期中', '期末考', '上課', '討論', '的', '問題', '以上', '學期', '來', '說', '期中', '前', '上文', '本', '期末', '前', '上', '電影', '會', '分析', '人物', '形象', '探討', '象徵', '涵義', '之類', '的', '個人', '是', '很', '推', '啦', '希望', '有', '幫', '到', '妳']"
2371,"['很', '惡劣', '欸', '我們', '從', '山', '上', '帶下來', '用', '一', '個', '塑膠', '袋裝', '每', '個', '人', '都', '提', '的', '要', '死', '手凍到', '不行', '結果', '不', '到', '幾', '小時', '就', '被', '破壞', '了', '嗎', '人', '在', '做', '天', '在', '看', '真的', '不要', '那麼', '惡劣', '餒祝', '那', '三', '位', '期末', '加油']"
2425,"['感謝', '兩', '位', '祝', '你們', '期末考', '能']"
2461,"['文化', '猴子', '真的', '不行', '剛好', '在', '期末考', '周', '可以', '讓', '大家', '紓解', '壓力', '這', '群', '臭', '猴子', '搞', '什麼']"
2476,"['我國文', '老師', '期末考', '畫畫']"
2505,"['會計系', '明天', '就', '開始', '考', '期末', '了']"
2546,"['這', '堂', '課', '是', '金融', '科技', '學程', '全', '學年', '的', '必修', '如果', '沒有', '上上', '學期', '的', '課', '下', '學期', '好像', '沒辦法', '加選', '老師', '是', '上', '基礎', '的', '但', '建議', '有點', '底子', '再', '來', '上課', '會', '比較', '輕鬆', '期中', '期末', '會', '有', '分組', '上', '機考', '兩兩一', '組', '一起', '考']"
2595,"['感謝', '版主', '期末', '歐', '趴', '趴']"
2735,"['可以', '帶', '他去', '火化', '但是', '費用', '蠻', '高', '的', '要', '查', '一下', '我', '之前', '協助', '處理', '過', '在', '路', '上', '發生', '意外', '的', '小', '貓', '也', '有', '認識', '一些', '愛', '媽', '我', '問', '了', '他們', '如果', '救援', '的', '貓咪', '不幸', '死掉', '的', '話', '要', '怎麼', '處理', '比較', '妥當', '愛', '媽', '他們', '跟', '我', '說', '火花', '費用', '偏', '高', '元', '左右', '他們', '救援', '的', '貓咪', '數量', '比', '較多', '沒辦法', '每', '隻', '都', '帶去', '火化', '不得已', '的', '時候', '就', '只', '能', '丟', '垃圾車', '幫', '他', '拜拜', '貓咪', '會', '理解', '的', '也', '謝謝', '你', '你', '是', '好心人', '你', '也好', '勇敢', '願意', '幫忙', '他', '讓', '他', '的', '身體', '不會', '再', '受到', '傷害', '希望', '貓咪', '當', '個', '快樂', '的', '小', '天使', '也', '祝原', '期末', '順利']"
2785,"['女宿房', '也', '是', '狂叫', '半夜', '三點', '還', '在', '叫', '的', '那', '種', '從', '期中', '就', '跟', '舍監', '反應', '過', '舍監', '也', '有', '當場', '上來', '請', '他們', '安靜', '結果', '都', '要', '期末考', '了', '還是', '繼續', '吵', '真的', '好', '不解', '世界', '上', '怎麼', '有', '那麼', '沒', '品', '的', '人']"
2869,"['方便', '嗎', '因為', '是', '期末考', '我', '怕', '拖到', '時間']"
2979,"['但', '是也', '要', '小心', '有', '些', '老師', '出席', '分數', '會', '算', '很', '低', '所以', '期末考', '要', '考好']"
3016,"['是', '在', '考試', '沒有', '錯', '我', '也', '有', '考', '這', '一', '科', '是', '老師', '先', '提早', '在', '班', '上', '考', '期末考', '沒有', '跟', '著', '學校', '的', '大', '會考', '寫完', '的', '同學', '就', '直接', '交卷', '拿給', '老師', '然後', '回', '座位', '收拾', '東西', '走人']"
3222,"['期末考', '考完', '就', '可以', '回家', '了', '開學', '再', '回來', '就', '好']"
3512,"['對', '我', '以為', '賣', '元旦', '的', '結果', '是', '期末', '兩', '個', '賣票', '時間', '好', '近', '台中', '好', '買票', '啦']"
3560,"['我', '不', '知道', '我', '只是', '路過', '但', '祝福', '這', '位', '施主', '平安', '渡過', '期末考', '阿彌陀佛']"
3561,"['也', '祝', '你', '期末考', '謝謝']"
3752,"['時間', '在', '半夜', '已經', '嚴重', '影響', '他人', '下', '禮拜', '期末考', '而是', '不用', '讀書', '的', '結案']"
3782,"['那', '請問', '會', '有', '期中考', '期末考', '分數', '跟', '排名', '嗎']"
3784,"['有', '排名', '成績', '是', '只有', '學期', '成績', '而已', '哦', '看', '不', '到', '期中考', '和', '期末考', '成績']"
3969,"['介紹', '高雄', '的', '景點', '還', '有', '安排', '戶外', '走讀', '期中', '期末', '報告', '是', '交', '一', '張', '圖字', '介紹', '家鄉', '介紹', '課堂', '有', '上', '的', '景點']"
4063,"['說不定', '老師', '很', '佛心', '沒', '打算', '登記', '上去', '頂多', '可能', '就是', '給', '你', '學期', '成績', '低', '一點', '所以', '還是', '去', '考', '期末考', '吧', '說不定', '就', '過', '了']"
4083,"['不用', '期末', '哦']"
4240,"['期中', '都', '考', '了', '期末', '還', '需要', '讀', '嗎']"
4241,"['期末', '啊', '同學']"
4280,"['所以', '生化', '期末', '到底', '考', '什麼']"
4283,"['真的', '超', '無言', '佔', '比', '明明', '不', '是', '開學', '就', '說', '了', '嗎', '啊', '到', '期末', '都', '不', '一樣', '是', '搞屁', '那', '一', '個', '月', '測', '水', '測', '半', '天', '還', '認真', '做', '啊', '不', '算', '成績', '幹嘛', '做']"
4285,"['藥物', '化', '期末', '前', '才', '說', '要', '調配', '分', '我', '也', '覺得']"
4343,"['期末', '還', '敢', '玩手', '遊', '啊', '沒', '啦', '適度', '的', '放鬆', '是', '可以', '的']"
4345,"['學長', '期末考', '加油']"
4363,"['平時', '成績', '沒有', '算', '筆記', '我', '剛剛', '算了', '一下', '如果', '你', '期末', '筆試', '有', '及格', '會', '過', '啦']"
4365,"['假設', '你', '考', '分', '假設', '大技考', '你', '是以', '分', '沒', '過', '乘以', '期末', '筆試', '如果', '你', '剛好', '及格', '乘以', '三', '個', '加起來', '你', '還要', '拿到', '的', '分數', '才能', '及格', '平時', '成績', '自學', '應該', '是', '過得了', '的', '就是', '你', '筆記', '沒有', '算', '在', '平時', '成績', '裡面', '小技', '考', '三', '次', '大技考', '期末', '筆試', '平時', '自學', '平時', '應該', '就是', '看', '你', '服儀', '那些', '有沒有', '被', '扣', '分', '跟', '你', '上課', '的', '態度']"
4367,"['期末', '筆試', '蠻', '簡單', '的', '你', '可以', '認真', '讀', '這', '科', '基本', '上', '有', '及格', '老師', '都', '會', '救', '啦', '因為', '有關', '實習', '如果', '真的', '不行', '就', '只', '能', '靠', '正課', '拉', '了']"
5054,"['雖然', '不', '太', '喜歡', '這', '部', '片', '但', '原', '咄咄逼人', '的', '態度', '好', '討人厭', '別人', '覺得', '看', '了', '這', '部', '影片', '有', '戀愛', '的', '感覺', '原', '就', '一定', '要', '說', '什麼', '一定', '是', '你', '沒', '談', '過', '戀愛', '你們', '的', '戀愛', '感覺', '很', '虛假', '我', '真', '傻眼', '說', '別人', '邏輯', '死亡', '我', '才', '覺得', '原', '講話', '都', '不用', '先', '動', '腦', '什麼', '三', '分鐘', '就', '打完', '這', '篇', '文', '還', '有', '跟', '妳', '意見', '不', '一樣', '就', '一定', '要', '強辯', '一', '個', '理由', '去', '嗆', '對方', '真的', '不', '想', '看', '沒', '邏輯', '的', '原', '在', '這邊', '兇', '巴巴', '祝', '大家', '期末', '歐', '啪']"
5121,"['台大', '期末考', '是', '過', '了', '嗎', '無聊', '到', '要', '來', '這邊', '蹭', '熱度']"
5179,"['可能', '她', '最近', '要', '期末考', '壓力', '大', '唉', '有點', '不', '好', '高材生', '的', '世界', '我', '不', '懂', '不過', '她', '之後', '的', '回覆', '確實', '有點', '情緒化', '不要', '說', '發文', '了', '我', '光', '回覆', '都', '打', '很', '慢', '但', '也', '是', '有', '人', '演', '情侶', '演', '的', '很', '入戲', '甚至', '比', '一般', '情侶', '還', '認真', '經營', '感情', '所以', '的', '回覆', '不', '完全', '正確', '我', '想', '點', '她', '回覆', '讚', '的', '人', '應該', '只是', '認同', '不', '是', '去', '景點', '就', '叫', '戀愛', '指', '的', '就是', '莎莎', '演', '的', '不', '像', '情侶', '的', '意思', '應該', '不', '是', '認同', '有無', '談', '過', '戀愛']"
