,"['經', '鄉民', '來信', '建議', '因', '疫情', '關係', '陳時中', '疫情', '新聞', '不', '刪除', '但', '文章', '陳時中', '為', '總', '指揮官', '疫情', '等', '重大', '新聞', '仍', '有', '推廣', '必要', '疫情', '為', '特殊', '情況', '還', '請', '見諒', '本', '活動', '為', '試辦', '性質', '試辦', '目的', '即為', '發現', '問題', '有無', '窒礙', '難行', '之', '處', '未來', '有', '也', '是', '很', '合理', '的', '再次', '感謝', '鄉民', '配合', '感恩', '的', '心', '感謝', '有', '你', '活動', '公告', '本', '次', '與', '板主群', '溝通', '於', '試辦', '無', '政治', '新聞週', '作法', '活動週', '涉', '註', '之', '新聞', '活動週', '違規文', '不計', '入', '累犯', '警告', '違規文', '請', '至', '檢舉', '註', '基於', '白天', '工作', '晚上', '讀書', '假日', '批判', '試辦', '無', '政治', '新聞週', '僅', '限', '一五', '後續', '說明', '這', '個', '歷經', '多', '年', '的', '爭議', '已經', '沒有', '迴避', '不', '處理', '的', '空間', '因此', '請', '所有', '鄉民', '同胞', '也', '希望', '大家', '能夠', '理解', '我們', '再三', '斟酌', '後', '的', '決定']","['P', 'Na', 'Na', 'VE', 'Cbb', 'Na', 'Na', 'Nb', 'Na', 'Na', 'D', 'VC', 'Cbb', 'Na', 'Nb', 'VG', 'A', 'Na', 'Na', 'Cab', 'VH', 'Na', 'D', 'V_2', 'VC', 'Na', 'Na', 'VG', 'VH', 'Na', 'D', 'VF', 'VA', 'Nes', 'Na', 'VG', 'VC', 'Na', 'VC', 'Na', 'VG', 'VE', 'Na', 'D', 'VH', 'VH', 'DE', 'Nc', 'Nd', 'V_2', 'D', 'SHI', 'Dfa', 'VH', 'DE', 'D', 'VK', 'Na', 'VC', 'VI', 'DE', 'Na', 'VK', 'V_2', 'Nh', 'Na', 'VE', 'Nes', 'Nf', 'Caa', 'Na', 'VC', 'P', 'VC', 'VJ', 'Na', 'Na', 'Na', 'Na', 'VK', 'Na', 'DE', 'Na', 'Na', 'Na', 'VK', 'VCL', 'Na', 'VE', 'Na', 'VF', 'P', 'VC', 'Na', 'P', 'Nd', 'Na', 'Nd', 'VA', 'Nd', 'VC', 'VC', 'VJ', 'Na', 'Na', 'Da', 'VJ', 'Neu', 'A', 'VE', 'Nep', 'Nf', 'VJ', 'Neqa', 'Nf', 'DE', 'Na', 'D', 'D', 'VC', 'D', 'VC', 'DE', 'Na', 'Cbb', 'VF', 'Neqa', 'Na', 'Na', 'D', 'VK', 'Nh', 'D', 'VK', 'Nh', 'D', 'VC', 'Ng', 'DE', 'VE']"
,"['疫情', '都', '這麼', '嚴重', '了', '連', '陳', '時', '中都', '說', '活動', '強烈', '建議', '取消', '了', '營隊', '還要', '辦', '嗎', '只是', '想', '保護', '大家', '安全', '沒', '別的', '意思']","['Na', 'D', 'Dfa', 'VH', 'T', 'Cbb', 'Nb', 'Ng', 'Nc', 'VE', 'Na', 'VH', 'Na', 'VC', 'Di', 'Na', 'Dfa', 'VC', 'T', 'D', 'VE', 'VC', 'Nh', 'VH', 'VJ', 'Neqa', 'Na']"
,"['疫情', '看起來', '越來越', '可怕', '營隊', '卻', '快要', '出隊', '可不可以', '給', '一', '個', '痛快', '不要', '到', '了', '當地', '才', '知道', '不能', '出']","['Na', 'D', 'Dfa', 'VH', 'Na', 'D', 'D', 'Na', 'D', 'VD', 'Neu', 'Nf', 'VH', 'D', 'VCL', 'Di', 'Nc', 'Da', 'VK', 'D', 'VC']"
,"['小弟', '大一', '沒有', '經歷', '過去', '年', '剛', '開學', '那', '段', '嚴峻', '的', '防疫', '時間', '想', '問', '學長', '姐', '那', '時候', '學校', '有沒有', '做', '什麼', '比較', '積極', '的', '防疫', '手段', '上課', '的', '規範', '還', '有', '宿舍', '裡', '的', '人', '怎麼', '處理', '之類', '的', '感謝', '各位', '辛苦', '渡過', '去年', '疫情', '的', '學長', '姐', '大家', '一起', '加油', '撐', '過去']","['Na', 'Na', 'D', 'VJ', 'Nd', 'Na', 'D', 'VH', 'Nep', 'Nf', 'VH', 'DE', 'VA', 'Na', 'VE', 'VE', 'Na', 'Na', 'Nep', 'Na', 'Nc', 'D', 'VC', 'Nep', 'Dfa', 'VH', 'DE', 'VA', 'Na', 'VA', 'DE', 'Na', 'D', 'V_2', 'Nc', 'Ncd', 'DE', 'Na', 'D', 'VC', 'Cab', 'DE', 'VK', 'Nh', 'VHC', 'VCL', 'Nd', 'Na', 'DE', 'Na', 'Na', 'Nh', 'D', 'VB', 'VC', 'Nd']"
,"['轉至', '自由時報', '教育部', '今天', '急', '發', '通報', '給', '全國', '各', '級', '學校', '提醒', '學校', '在', '辦理', '集會', '活動', '時', '應', '加強', '防疫', '措施', '若', '無法', '於', '活動', '前', '嚴格', '執行', '完整', '風險', '評估', '並', '規劃', '完善', '之', '防疫', '配套', '措施', '強烈', '建議', '取消', '或', '延後', '舉辦', '看到', '一', '堆', '營隊', '猴鬼吼', '鬼叫', '不', '戴', '口罩', '保持', '貼身', '的', '染疫', '距離', '咱們', '成大', '營隊', '是', '辦', '給', '全', '台', '的', '高中生', '欸', '拜託', '啦', '小', '蘇蘇', '出來', '開', '第一', '槍', '行', '嗎']","['VCL', 'Nb', 'Nc', 'Nd', 'D', 'VH', 'VE', 'P', 'Nc', 'Nes', 'Na', 'Nc', 'VE', 'Nc', 'P', 'VC', 'VA', 'Na', 'Ng', 'D', 'VC', 'VA', 'Na', 'Cbb', 'D', 'P', 'Na', 'Ng', 'VH', 'VC', 'VH', 'Na', 'VE', 'D', 'VC', 'VH', 'DE', 'VA', 'VA', 'Na', 'VH', 'Na', 'VC', 'Caa', 'VC', 'VC', 'VE', 'Neu', 'Nf', 'Na', 'Na', 'VA', 'D', 'VC', 'Na', 'VJ', 'VH', 'DE', 'Na', 'P', 'Nh', 'Nc', 'Na', 'SHI', 'VC', 'VD', 'Neqa', 'Nc', 'DE', 'Na', 'I', 'VC', 'T', 'VH', 'Nb', 'VA', 'VC', 'Neu', 'Nf', 'VA', 'T']"
,"['其他', '校版', '都', '在', '討論', '應該', '禁', '營隊', '了', '也', '來', '跟', '風', '一', '波', '怎麼', '疫情', '變', '嚴重', '了', '學校', '防疫', '心態', '反倒', '更', '鬆', '了', '營隊', '晚會', '各', '種', '活動', '照樣', '辦', '不', '該', '禁', '一', '禁']","['Neqa', 'Na', 'D', 'P', 'VE', 'D', 'VC', 'Na', 'T', 'D', 'D', 'P', 'Na', 'Neu', 'Nf', 'VH', 'Na', 'VH', 'VH', 'Di', 'Nc', 'VA', 'Na', 'Cbb', 'D', 'VHC', 'Di', 'Na', 'Na', 'Nes', 'Nf', 'Na', 'D', 'VC', 'D', 'D', 'VC', 'Neu', 'VC']"
,"['現在', '肺炎', '感染', '人數', '又', '添', '例', '了', '但', '我', '看', '系', '上', '營隊', '還是', '轟轟烈烈', '地', '進行', '著', '訓練', '大家', '幾乎', '都', '沒', '帶', '口罩', '擠', '在一起', '吃飯', '聊天', '看', '他們', '幾乎', '沒', '什麼', '危機', '意識', '真的', '很', '擔心', '到時候', '還', '會', '有', '上百', '個', '高中', '生來', '要是', '之後', '一', '不', '小心', '群聚', '感染', '該', '怎麼辦', '到時候', '貞貞', '會', '怎麼', '處理']","['Nd', 'Na', 'VJ', 'Na', 'D', 'VC', 'Na', 'T', 'Cbb', 'Nh', 'VC', 'Nc', 'Ncd', 'Na', 'D', 'VH', 'DE', 'VC', 'Di', 'VC', 'Nh', 'Da', 'D', 'D', 'VC', 'Na', 'VC', 'VH', 'VA', 'VA', 'VC', 'Nh', 'Da', 'VJ', 'Nep', 'Na', 'Na', 'D', 'Dfa', 'VK', 'D', 'D', 'D', 'V_2', 'Neu', 'Nf', 'Nc', 'D', 'Cbb', 'Nd', 'D', 'D', 'VK', 'VCL', 'VJ', 'Nes', 'VH', 'D', 'VH', 'D', 'D', 'VC']"
,"['防疫', '有成', '所以', '出書', '了', '所以', '要', '進軍', '誠品', '了', '嗎', '啊', '書名', '是', '不', '是', '錯', '了', '應該', '是', '知識', '是', '光', '善良', '是', '影', '吧']","['VA', 'VH', 'Cbb', 'VA', 'Di', 'Cbb', 'D', 'VCL', 'Nb', 'T', 'T', 'T', 'Na', 'SHI', 'D', 'SHI', 'VH', 'Di', 'D', 'SHI', 'Na', 'SHI', 'Na', 'VH', 'SHI', 'Na', 'T']"
,"['看看', '學校', '面對', '疫情', '的', '處理', '方式', '再', '看看', '行政', '人員', '也', '沒', '在', '戴', '口罩', '原來', '病毒', '也', '會', '上下班', '那', '我', '就', '安心', '啦', '耖', '他媽', '開', '建國', '的', '門', '是', '會', '死', '喔']","['VC', 'Nc', 'VC', 'Na', 'DE', 'VC', 'Na', 'D', 'VC', 'Na', 'Na', 'D', 'D', 'P', 'VC', 'Na', 'A', 'Na', 'D', 'D', 'VA', 'Nep', 'Nh', 'D', 'VH', 'T', 'FW', 'I', 'VC', 'VA', 'DE', 'Na', 'SHI', 'D', 'VH', 'T']"
,"['看過', '來', '看過', '來', '寒假', '還', '不', '知道', '要', '去', '哪裡', '玩', '嗎', '由', '你', '好', '明天', '團隊', '和', '布農族', '孩童', '們', '一起', '策劃', '的', '義', '布農', '辭玩', '市集', '正', '等', '著', '你', '來', '快快', '空', '下', '時間', '來', '南投', '來', '個', '部落', '踏青', '之', '旅', '吧', '免費', '報名', '市集', '看', '更多', '詳細', '資訊', '我們', '是', '團隊', '過去', '以', '寒暑', '假', '營隊', '的', '方式', '長期', '帶', '著', '孩子', '學習', '各', '領域', '的', '事物', '今年', '我們', '決定', '以', '舉辦', '市集', '的', '方式', '用', '不', '一樣', '的', '活動', '帶', '著', '孩子們', '探索', '培養', '孩童', '多元', '的', '能力', '激發', '在', '地', '不同', '的', '可能性', '並', '讓', '部落', '社區', '增添', '新氣象', '來到', '市集', '將', '會', '有', '豐富', '攤位', '逛', '不', '完', '攤位', '包括', '布農', '美食', '圖騰', '手作', '趣味', '體驗', '回憶', '特展', '陶藝', '文創', '攤位', '吃喝玩樂', '樣樣', '有', '讓', '你', '滿載而歸', '多樣', '好禮獎', '不', '完', '購買', '入場', '票券', '即可', '參加', '市集', '抽獎', '好禮', '包括', '梅子', '夢', '工廠', '禮盒', '限定', '週邊', '商品', '各', '式', '生活', '用品', '等', '多樣', '好禮', '等', '著', '你', '公益', '活動', '一起', '來', '市集', '為', '公益', '性質', '帶', '著', '孩子們', '一起', '策劃', '並', '執行', '市集', '學習', '課本', '以外', '的', '事物', '並', '活化', '部落', '增加', '民眾', '與', '當地', '居民', '的', '也', '讓', '更多', '人', '認識', '部落', '免費', '報名', '市集', '看', '更多', '詳細', '資訊', '日期', '六', '時間', '上午', '點', '下午', '點', '地點', '南投縣', '信義', '國小', '南投縣', '信義鄉', '玉山', '路號', '交通', '免費', '接駁', '車', '台中', '信義', '國小', '詳細', '資訊', '請', '持續', '關', '注粉', '專有', '問題', '也', '可以', '私', '訊小編', '自行', '開車', '經', '國道', '三號', '名間', '交流道', '下', '約', '分鐘', '即可', '到達', '注意', '事項', '為', '落實', '垃圾', '減', '量', '請', '自備', '環保', '餐具', '現場', '提供', '酒精', '消毒', '量測', '體溫', '及', '配戴', '口罩', '措施', '請', '參與', '民眾', '配合', '購買', '市集', '票券', '即可', '獲得', '摸彩券', '一', '張', '義', '布農', '辭玩', '市集', '我們', '不見', '不', '散']","['VC', 'D', 'VC', 'D', 'Nd', 'D', 'D', 'VK', 'D', 'VCL', 'Ncd', 'VC', 'T', 'P', 'Nh', 'VH', 'Nd', 'Na', 'Caa', 'Nb', 'Na', 'Na', 'D', 'VF', 'DE', 'Na', 'Nb', 'VC', 'Na', 'D', 'VC', 'Di', 'Nh', 'D', 'VH', 'VHC', 'Nes', 'Na', 'VA', 'Nc', 'VA', 'Nf', 'Nc', 'VA', 'DE', 'Na', 'T', 'VH', 'VA', 'Na', 'VC', 'Neqa', 'VH', 'Na', 'Nh', 'SHI', 'Na', 'Nd', 'P', 'Nd', 'P', 'Na', 'DE', 'Na', 'Na', 'VC', 'Di', 'Na', 'VC', 'Nes', 'Na', 'DE', 'Na', 'Nd', 'Nh', 'VE', 'P', 'VC', 'Na', 'DE', 'Na', 'VC', 'D', 'VH', 'DE', 'Na', 'VC', 'Di', 'Na', 'VE', 'VC', 'Na', 'A', 'DE', 'Na', 'VC', 'P', 'Na', 'VH', 'DE', 'Na', 'D', 'VL', 'Nc', 'Nc', 'VC', 'Na', 'VCL', 'Na', 'D', 'D', 'V_2', 'VHC', 'Na', 'VC', 'D', 'VH', 'Na', 'VK', 'Nb', 'Na', 'Na', 'VC', 'Na', 'VC', 'Na', 'Na', 'Na', 'Na', 'Na', 'VA', 'Neqa', 'V_2', 'VL', 'Nh', 'VA', 'VH', 'Na', 'D', 'VH', 'VC', 'VA', 'Na', 'D', 'VC', 'Na', 'VA', 'VH', 'VK', 'Na', 'Na', 'Nc', 'Na', 'VK', 'Nc', 'Na', 'Nes', 'Nf', 'Na', 'Na', 'Cab', 'VH', 'VH', 'VC', 'Di', 'Nh', 'Na', 'Na', 'D', 'VA', 'Na', 'VG', 'Na', 'Na', 'VC', 'Di', 'Na', 'D', 'VF', 'D', 'VC', 'Na', 'VC', 'Na', 'Ng', 'DE', 'Na', 'D', 'VHC', 'Nc', 'VHC', 'Na', 'Caa', 'Nc', 'Na', 'DE', 'D', 'VL', 'Neqa', 'Na', 'VJ', 'Nc', 'VH', 'VA', 'Na', 'VC', 'Neqa', 'VH', 'Na', 'Na', 'Neu', 'Na', 'Nd', 'VC', 'Nd', 'VC', 'Na', 'Nc', 'Na', 'Nc', 'Nc', 'Nc', 'Nc', 'Na', 'Na', 'VH', 'VC', 'Na', 'Nc', 'Na', 'Nc', 'VH', 'Na', 'VF', 'VL', 'VC', 'Na', 'A', 'Na', 'D', 'D', 'D', 'Na', 'D', 'VA', 'P', 'Nc', 'Nc', 'Nc', 'Na', 'Ng', 'Da', 'Nf', 'D', 'VCL', 'VK', 'Na', 'VG', 'VHC', 'Na', 'VJ', 'Na', 'VF', 'VC', 'Na', 'Na', 'Nc', 'VD', 'Na', 'VC', 'VC', 'Na', 'Caa', 'VC', 'Na', 'Na', 'VF', 'VC', 'Na', 'VC', 'VC', 'Na', 'Na', 'D', 'VJ', 'Na', 'Neu', 'Nf', 'Na', 'Nb', 'VC', 'Na', 'Nh', 'VH', 'D', 'VH']"
,"['有', '修正', '有', '推']","['V_2', 'VC', 'V_2', 'VC']"
,"['可以', '陳', '時', '中', '可以', '露臉']","['D', 'VC', 'Ng', 'Ng', 'D', 'VH']"
,"['噁心', '滾', '啦']","['VH', 'VA', 'T']"
,"['左轉', '滾動', '版']","['VA', 'VA', 'Na']"
,"['不會', '左轉', '專', '版']","['D', 'VA', 'VH', 'Na']"
,"['滾動', '修正', '時', '要', '露出', '胸部']","['VA', 'VC', 'Ng', 'D', 'VC', 'Nc']"
,"['英文', '體']","['Na', 'Na']"
,"['英文體', '推推']","['Na', 'VC']"
,"['四叉貓', '滾動']","['Na', 'VA']"
,"['我', '的', '文', '都', '被', '刪完', '了', '啊']","['Nh', 'DE', 'Na', 'D', 'P', 'VC', 'Di', 'T']"
,"['維穩', '會', '怕', '現在', '那邊']","['VH', 'D', 'VK', 'Nd', 'Ncd']"
,"['推文', '也', '要', '規範', '啦', '整', '天', '洗', '政治', '推文']","['Nb', 'D', 'D', 'VC', 'T', 'Neqa', 'Nf', 'VC', 'Na', 'Nb']"
,"['繼續', '穩', '啊']","['VF', 'VH', 'T']"
,"['哈', '哈哈']","['D', 'D']"
,"['還', '以為', '只有', '牙醫', '和', '會', '滾動']","['D', 'VE', 'Cbb', 'Na', 'Caa', 'D', 'VA']"
,"['我', '建議', '了', '直接', '永桶', '要', '改革', '就', '要', '有', '作為', '大膽', '一點']","['Nh', 'VE', 'Di', 'VH', 'Na', 'D', 'VC', 'D', 'D', 'V_2', 'VG', 'VH', 'Dfb']"
,"['還', '有', '這樣', '的']","['D', 'V_2', 'VH', 'DE']"
,"['滾動', '啦', '哪', '次', '不', '滾動']","['VA', 'T', 'Nep', 'Nf', 'D', 'VA']"
,"['根本', '就', '朝三暮四']","['D', 'D', 'VH']"
,"['哈哈', '看起來', '也', '太', '難', '管理', '了']","['D', 'D', 'D', 'Dfa', 'VH', 'VC', 'Di']"
,"['我', '真的', '建議', '之後', '放棄', '禁', '政治', '文']","['Nh', 'D', 'VE', 'Ng', 'VC', 'VC', 'Na', 'Na']"
,"['板主', '沒', '發現', '很', '難', '劃分', '什麼', '是', '政治', '什麼', '不', '是', '嗎']","['Na', 'D', 'VE', 'Dfa', 'VH', 'VC', 'Nep', 'SHI', 'Na', 'Nep', 'D', 'SHI', 'T']"
,"['推', '板主', '啦', '滾動式', '執政', '有', '板主', '會', '做', '事', '請', '放心']","['VC', 'Na', 'T', 'Na', 'VA', 'V_2', 'Na', 'D', 'VC', 'Na', 'VF', 'VK']"
,"['獨裁', '者', '滾動式', '下台', '啦']","['VH', 'Na', 'Na', 'VA', 'T']"
,['滾動'],['VA']
,"['除了', '標題', '我', '看', '一', '堆', '推', '文', '也', '在', '政治', '吵架', '這樣', '到底', '有', '沒有用']","['P', 'Na', 'Nh', 'VC', 'Neu', 'Nf', 'VC', 'Na', 'D', 'P', 'Na', 'VA', 'VH', 'D', 'V_2', 'VH']"
,"['發', '錢', '我', '就', '准', '你', '滾動式', '修改']","['VH', 'Na', 'Nh', 'D', 'VE', 'Nh', 'Na', 'VC']"
,"['推陳', '時', '中', '做', '得', '好不好', '本來', '就', '能', '討論', '網軍', '還', '想', '躲']","['VC', 'Ng', 'Ng', 'VC', 'DE', 'VH', 'D', 'D', 'D', 'VE', 'Na', 'D', 'VE', 'VC']"
,"['支持', '疫情', '部分', '另外', '扣帽子', '的', '不能', '桶', '嗎']","['VC', 'Na', 'Neqa', 'Da', 'VB', 'DE', 'D', 'Na', 'T']"
,"['有', '防疫', '板']","['V_2', 'VA', 'Na']"
,"['滾動', '好像', '時空', '背景', '之', '術']","['VA', 'D', 'Na', 'Na', 'DE', 'Na']"
,"['就是', '看', '自己', '爽', '怎麼', '定', '規則', '的', '意思']","['Cbb', 'VE', 'Nh', 'VH', 'D', 'VC', 'Na', 'DE', 'Na']"
,"['做', '一半', '乾脆', '別', '做', '進', '八卦版', '看起來', '跟', '沒', '試辦', '像']","['VC', 'Neqa', 'VH', 'D', 'VC', 'VC', 'Na', 'D', 'P', 'D', 'VC', 'P']"
,"['希望', '四', '和', '跟', '他們', '口', '中', '所', '說', '的', '政黑', '綠', '蟑螂', '一起', '在', '政黑', '玩耍']","['VK', 'Neu', 'Caa', 'P', 'Nh', 'Na', 'Ng', 'D', 'VE', 'DE', 'VH', 'VH', 'Na', 'D', 'P', 'VH', 'VA']"
,"['八卦板', '比較', '適合', '包', '莖', '妹妹', '肛門', '甲甲', '和', '各', '種', '認真', '文']","['Na', 'Dfa', 'VH', 'VC', 'Na', 'Na', 'Na', 'Neqa', 'P', 'Nes', 'Nf', 'VH', 'Na']"
,"['哈哈', '這', '篇', '內文', '好像', '聽', '過']","['D', 'Nep', 'Nf', 'Na', 'D', 'VE', 'Di']"
,"['笑死', '人', '為了', '時鐘', '選', '北市', '長出', '這', '招', '時鐘', '自己', '都', '有', '專版', '沒', '人']","['VHC', 'Na', 'P', 'Na', 'VC', 'Nc', 'VJ', 'Nep', 'Nf', 'Na', 'Nh', 'D', 'V_2', 'Na', 'VJ', 'Na']"
,"['好多', '發抖', '蟑螂', '趕快', '噴']","['Neqa', 'VA', 'Na', 'D', 'VC']"
,"['要', '辦', '就', '堅持', '下去', '啊', '雙標', '不', '就', '代表', '認錯', '了', '滾動', '式個屁', '啊']","['D', 'VC', 'D', 'VK', 'Di', 'T', 'Na', 'D', 'D', 'VK', 'VA', 'Di', 'VA', 'Na', 'T']"
,"['想', '限制', '言論', '的', '必', '先', '審查', '最後', '就是', '作繭自縛']","['VE', 'Na', 'Na', 'DE', 'D', 'D', 'VC', 'Nd', 'Cbb', 'VA']"
,"['早', '就', '跟', '你', '說', '了', '生活', '處處', '姐', '政治', '硬', '要', '定下', '奇怪', '的', '標準', '是', '很', '困']","['D', 'D', 'P', 'Nh', 'VE', 'Di', 'Na', 'VH', 'Na', 'Na', 'D', 'D', 'VC', 'VK', 'DE', 'Na', 'SHI', 'Dfa', 'VCL']"
,"['笑死', '都', '你', '在', '講', '跟', '共產黨', '一樣']","['VHC', 'D', 'Nh', 'P', 'VE', 'P', 'Nb', 'VH']"
,"['哭', '喔']","['VA', 'T']"
,"['請', '善用', '板陳', '時', '中', '滾出', '八卦', '板']","['VF', 'VJ', 'Na', 'Ng', 'Ng', 'VC', 'Na', 'Na']"
,"['哈哈', '哈哈', '滾動式', '修正', '好', '雞', '掰']","['D', 'D', 'Na', 'VC', 'VH', 'Na', 'VC']"
,"['左轉', '滾動', '甲板']","['VA', 'VA', 'Na']"
,"['垃圾', '人', '學', '垃圾', '作法']","['Na', 'Na', 'VC', 'Na', 'Na']"
,"['現在', '看起來', '會', '回到', '跟', '之前', '一樣', '或是', '就', '全', '禁', '政治', '不過', '後者']","['Nd', 'D', 'D', 'VCL', 'P', 'Nd', 'VH', 'Caa', 'D', 'Neqa', 'VC', 'Na', 'Cbb', 'Nh']"
,"['應該', '不可能', '了']","['D', 'D', 'T']"
,"['就是', '你', '說', '了', '算', '麻習', '大大', '表示', '欣慰']","['Cbb', 'Nh', 'VE', 'Di', 'VG', 'Na', 'VH', 'VE', 'VK']"
,"['請問', '的', '意義', '在', '哪']","['VE', 'DE', 'Na', 'P', 'Nep']"
,"['顏色', '正確', '的', '版', '規']","['Na', 'VH', 'DE', 'Na', 'Na']"
,"['滾動式', '修正', '真', '棒', '要', '討論', '疫情', '不會', '去', '專', '版', '嗎']","['Na', 'VC', 'D', 'VH', 'D', 'VE', 'Na', 'D', 'D', 'VH', 'Na', 'T']"
,"['疫情', '和', '陳時中', '豁免', '就', '跟', '沒', '禁', '差不多', '推', '文', '還不是', '一樣', '戰']","['Na', 'Caa', 'Nb', 'VC', 'D', 'P', 'D', 'VC', 'D', 'VC', 'Na', 'D', 'VH', 'Na']"
,"['喜歡', '中國', '嗎', '版主', '讓', '你', '體驗']","['VK', 'Nc', 'T', 'Na', 'VL', 'Nh', 'VC']"
,"['現在', '有', '不少', '版', '的', '版主', '是', '養', '的']","['Nd', 'V_2', 'Neqa', 'Na', 'DE', 'Na', 'SHI', 'VC', 'DE']"
,"['這', '就是', '綠共', '最愛', '的', '中國味']","['Nep', 'Cbb', 'Na', 'Na', 'DE', 'Na']"
,"['滾', '的', '好']","['VA', 'DE', 'VH']"
,"['柯粉', '好', '崩潰', '不能', '炒', '柯', '師傅', '了']","['Nb', 'Dfa', 'VH', 'D', 'VC', 'Nb', 'Na', 'T']"
,"['時空', '背景', '不同']","['Na', 'Na', 'VH']"
,"['嗯', '嗯', '凡', '不利', '於', '黨', '的', '皆', '不可', '留']","['I', 'I', 'Cbb', 'VK', 'P', 'Na', 'DE', 'D', 'D', 'VC']"
,"['板主', '違反', '自己', '訂下', '的', '規定', '還', '有點', '臉', '就', '自桶', '啦', '別', '在', '這', '下']","['Na', 'VJ', 'Nh', 'VC', 'DE', 'Na', 'D', 'Dfa', 'Na', 'D', 'Na', 'T', 'D', 'P', 'Nep', 'Nf']"
,"['一', '堆', '政治', '推文', '怎麼', '不', '桶', '果然', '是', '你', '說', '的', '算']","['Neu', 'Nf', 'Na', 'Nb', 'D', 'D', 'Na', 'D', 'SHI', 'Nh', 'VE', 'DE', 'VE']"
,"['西下', '井']","['VA', 'Na']"
,"['維穩', '怕', '被', '民眾', '監督', '想', '隱瞞', '什麼']","['VH', 'VK', 'P', 'Na', 'VC', 'VE', 'VC', 'Nep']"
,"['阿', '前', '一兩', '天', '不', '是', '說', '很', '榮耀']","['Nc', 'Nes', 'Neu', 'Nf', 'D', 'SHI', 'VE', 'Dfa', 'VH']"
,"['謙卑', '啥']","['VH', 'Nep']"
,"['那', '你', '不會', '直接', '取消', '喔', '怎麼', '滾', '都', '你', '決定']","['Dk', 'Nh', 'D', 'VH', 'VC', 'T', 'D', 'VA', 'D', 'Nh', 'VE']"
,"['柯', '糞']","['Nb', 'Na']"
,"['維穩', '啦']","['VH', 'T']"
,"['好', '滾動', '吧']","['VH', 'VA', 'T']"
,"['這', '個', '試辦', '還', '上', '新聞', '被', '媒體', '薛', '了', '一', '頓', '感覺', '超', '不', '划算', '的']","['Nep', 'Nf', 'VC', 'D', 'VCL', 'Na', 'P', 'Na', 'Nb', 'Di', 'Neu', 'Nf', 'Na', 'VJ', 'D', 'VH', 'DE']"
,"['幹嘛', '讓', '媒體', '趁機', '炒作']","['D', 'VL', 'Na', 'D', 'VC']"
,"['連綠委', '都', '不', '贊成', '了']","['Nb', 'D', 'D', 'VK', 'Di']"
,"['是', '無法', '迴避', '才能', '侵害', '言論', '自由']","['SHI', 'D', 'VC', 'Na', 'VC', 'Na', 'VH']"
,"['用', '行政', '效率', '的', '理由', '來', '侵害', '言論', '自由', '最好', '是', '合理']","['P', 'Na', 'Na', 'DE', 'Na', 'D', 'VC', 'Na', 'Na', 'D', 'SHI', 'VH']"
,"['更何況', '版主', '還', '想', '當', '另', '一', '個', '同', '性質', '版版', '主']","['Cbb', 'Na', 'D', 'VE', 'P', 'Nes', 'Neu', 'Nf', 'Nes', 'Na', 'Na', 'Na']"
,"['不要', '發文', '就', '不會', '有', '違規', '發文']","['D', 'VC', 'D', 'D', 'V_2', 'VA', 'VC']"
,"['第一', '天', '你', '這', '位', '本', '座', '不', '是', '出來', '講', '說好', '像', '施行', '的', '多', '成功']","['Neu', 'Nf', 'Nh', 'Nep', 'Nf', 'Nes', 'Nf', 'D', 'SHI', 'VA', 'VE', 'VE', 'P', 'VC', 'DE', 'Dfa', 'VH']"
,"['避', '嘴', '社會', '就', '和諧', '了']","['VC', 'Na', 'Na', 'D', 'VH', 'T']"
,"['的', '意義', '在', '哪']","['DE', 'Na', 'P', 'Nep']"
,"['時空', '背景', '不同', '啦']","['Na', 'Na', 'VH', 'T']"
,['滾動'],['VA']
,"['生活', '即', '政治', '請', '吱', '八', '版', '眾', '出示', '死亡', '證明書', '才', '有', '資格', '發文']","['Na', 'VG', 'Na', 'VF', 'D', 'Neu', 'Na', 'Na', 'VC', 'VH', 'Na', 'Da', 'V_2', 'Na', 'VC']"
,"['然後', '跟', '我', '說', '鄉民', '不會', '去', '疫情', '版']","['D', 'P', 'Nh', 'VE', 'Na', 'D', 'VCL', 'Na', 'Na']"
,"['說', '實話', '我', '覺得', '這樣', '蠻', '舒服', '的', '期待', '你', '殺', '髒', '狼']","['VE', 'Na', 'Nh', 'VK', 'VH', 'Dfa', 'VH', 'DE', 'VK', 'Nh', 'VC', 'VH', 'Na']"
,"['其他', '板主', '也', '都', '同意', '了', '大家', '很', '氣']","['Neqa', 'Na', 'D', 'D', 'VK', 'Di', 'Nh', 'Dfa', 'VK']"
,"['疫情', '新聞', '只有', '少數', '涉及', '政治', '為何', '特別', '聲明']","['Na', 'Na', 'D', 'Neqa', 'VK', 'Na', 'D', 'VH', 'Na']"
,"['滾動式', '修正', '不用', '發', '錢', '嗎']","['Na', 'VC', 'D', 'VD', 'Na', 'T']"
,"['建議', '成效', '良好', '永遠', '禁止', '政治', '新聞']","['VE', 'Na', 'VH', 'D', 'VE', 'Na', 'Na']"
,"['阿北', '給', '多少', '啊']","['Nc', 'VD', 'Neqa', 'T']"
,"['那些', '拜登', '的', '不', '處理', '嗎', '雙標式', '滾動']","['Neqa', 'Nb', 'DE', 'D', 'VC', 'T', 'A', 'VA']"
,"['雙標', '咩']","['Na', 'D']"
,"['謝主榮', '恩']","['Nb', 'Na']"
,"['那', '類似', '新聞', '回文', '請問', '是否', '要', '刪除', '呢']","['Nep', 'VG', 'Na', 'VA', 'VE', 'D', 'D', 'VC', 'T']"
,"['陳', '時', '中', '為', '總', '指揮官', '疫情', '等', '重大', '新聞', '仍', '有', '推廣', '必要']","['Nb', 'Ng', 'Ng', 'VG', 'A', 'Na', 'Na', 'Cab', 'VH', 'Na', 'D', 'V_2', 'VC', 'Na']"
,"['那', '請問', '回文', '的', '可以', '刪除', '嗎', '還是', '又', '要', '看', '啥', '東西', '決定']","['Dk', 'VE', 'VA', 'DE', 'D', 'VC', 'T', 'D', 'D', 'D', 'VC', 'Nep', 'Na', 'VE']"
,"['不', '是', '有', '另外', '一', '個', '版', '專門', '討論', '嗎', '為啥', '要', '這樣', '呢']","['D', 'SHI', 'V_2', 'Da', 'Neu', 'Nf', 'Na', 'VL', 'VE', 'T', 'D', 'D', 'VH', 'T']"
,"['請問', '這', '個', '版', '是', '幹嘛', '用', '的']","['VE', 'Nep', 'Nf', 'Na', 'SHI', 'D', 'VC', 'DE']"
,"['鄉民', '連', '去', '隔壁', '都', '不會', '那', '不會', '去', '政治板', '所以', '來', '這', '討論', '是', '不', '是也']","['Na', 'D', 'VCL', 'Nc', 'D', 'D', 'Nep', 'D', 'VCL', 'Na', 'Cbb', 'D', 'Nep', 'VE', 'SHI', 'D', 'T']"
,"['還', '有', '那', '個', '鄉民', '建議', '的', '列表', '出來', '啊']","['D', 'V_2', 'Nep', 'Nf', 'Na', 'Na', 'DE', 'Na', 'VA', 'T']"
,"['楊志良', '搭', '捷運', '拉下', '口罩', '照片', '曝光', '網']","['Nb', 'VC', 'Na', 'VC', 'Na', 'Na', 'VH', 'Na']"
,"['請問', '版主', '上面', '那', '個', '篇', '有', '啥', '八卦', '為啥', '不用', '刪除']","['VE', 'Na', 'Ncd', 'Nep', 'Nf', 'Na', 'V_2', 'Nep', 'Na', 'D', 'D', 'VC']"
,"['那', '要不要', '只要', '看到', '火車', '上面', '有', '人', '沒', '戴', '就', '可以', '發', '一', '篇', '啊']","['Nep', 'D', 'Cbb', 'VE', 'Na', 'Ncd', 'V_2', 'Na', 'D', 'VC', 'D', 'D', 'VD', 'Neu', 'Nf', 'T']"
,"['版主', '你', '是', '不', '是', '沒', '再', '搭', '捷運', '或', '火車', '啊']","['Na', 'Nh', 'SHI', 'D', 'SHI', 'D', 'D', 'VC', 'Na', 'Caa', 'Na', 'T']"
,"['支持', '版主', '政治', '與否', '給', '版主', '認定', '就', '可以', '了', '鄉民', '沒', '必要', '靠', '北', '吧']","['VC', 'Na', 'Na', 'T', 'VD', 'Na', 'VE', 'D', 'D', 'Di', 'Na', 'D', 'VH', 'P', 'Ncd', 'T']"
,"['鄉民', '沒', '必要', '靠', '北', '那', '就', '通通', '別', '講話', '啊', '建議', '的', '那', '位在', '講', '啥', '東']","['Na', 'D', 'VH', 'P', 'Ncd', 'Nep', 'D', 'D', 'D', 'VA', 'T', 'VE', 'DE', 'Nep', 'VJ', 'VE', 'Nep', 'Ncd']"
,"['按照', '樓上', '的', '講法', '那', '版', '主', '說', '鄉民', '建議', '幹嘛', '聽', '呢']","['P', 'Nc', 'DE', 'Na', 'Nep', 'Na', 'Na', 'VE', 'Na', 'Na', 'D', 'VE', 'T']"
,"['支持', '版主', '所有', '鄉民', '建議', '都', '別', '聽', '啦', '公平', '一點', '好', '嗎']","['VC', 'Na', 'Neqa', 'Na', 'Na', 'D', 'D', 'VE', 'T', 'VH', 'Dfb', 'VH', 'T']"
,"['版', '主裁', '量', '就', '好', '民', '可', '使', '由', '之', '不可', '使', '知', '之', '或', '任', '之', '擁護', '版', '主']","['Na', 'VE', 'Na', 'D', 'VH', 'Na', 'D', 'VL', 'P', 'Nh', 'D', 'VL', 'VK', 'DE', 'Caa', 'VL', 'Nh', 'VC', 'Na', 'Na']"
,"['那', '既然', '版主', '認定', '了', '那', '鄉民', '寫信', '建議', '又', '改', '這樣', '樓上', '是']","['Dk', 'Cbb', 'Na', 'VE', 'Di', 'Nep', 'Na', 'VA', 'Na', 'D', 'VC', 'VH', 'Nc', 'SHI']"
,"['版主', '說', '了', '算', '那', '鄉民', '幹嘛', '建議']","['Na', 'VE', 'Di', 'VE', 'Nep', 'Na', 'D', 'VE']"
,"['反正', '就', '交給', '版', '主人家', '民意', '選出來', '的', '不', '爽', '去', '罷免', '或', '等', '卸任']","['D', 'D', 'VD', 'Na', 'Nc', 'Na', 'VC', 'DE', 'D', 'VH', 'D', 'VC', 'Caa', 'VC', 'VH']"
,"['那', '其他', '人', '建議', '不', '順便', '回信', '或', '討論', '一下', '啊']","['Dk', 'Neqa', 'Na', 'Na', 'D', 'D', 'VB', 'Caa', 'VE', 'Nd', 'T']"
,"['而且', '靠', '北', '兩', '字', '是', '你', '先', '的', '唷', '鄉民']","['Cbb', 'P', 'Ncd', 'Neu', 'Na', 'SHI', 'Nh', 'D', 'DE', 'I', 'Na']"
,"['有', '疫情', '討論', '版', '不用', '跑來', '八卦', '討論', '疫情']","['V_2', 'Na', 'VE', 'Na', 'D', 'VA', 'Na', 'VE', 'Na']"
,"['習包維尼', '哀帝', '也', '是', '認定', '所有人', '不得', '網路', '上', '批評', '他', '喔', '科']","['Nb', 'Nb', 'D', 'SHI', 'VE', 'Na', 'D', 'Na', 'Ncd', 'VC', 'Nh', 'T', 'Nc']"
,"['天佑', '台灣', '天滅綠', '蟑']","['Nb', 'Nc', 'VH', 'b']"
,"['只要', '批評', '習包維尼', '哀帝', '的', '都', '是', '在', '講', '政治', '都', '會', '叫', '公安', '抓', '嘻']","['Cbb', 'VC', 'Nb', 'Nb', 'DE', 'D', 'SHI', 'P', 'VE', 'Na', 'D', 'D', 'VG', 'Na', 'VC', 'VA']"
,"['那', '你', '鄉民', '為啥', '會', '連', '進', '八卦', '版']","['Dk', 'Nh', 'Na', 'D', 'D', 'D', 'VCL', 'Na', 'Na']"
,"['可不可以', '說', '那', '個', '鄉民', '只', '看', '八卦版', '你', '在', '八卦版', '看', '疫情']","['D', 'VE', 'Nep', 'Nf', 'Na', 'Da', 'VC', 'Na', 'Nh', 'P', 'Na', 'VC', 'Na']"
,"['鞏固', '版主', '領導權', '杜絕', '無理', '亂放', '槍']","['VHC', 'Na', 'Na', 'VC', 'VH', 'VC', 'Na']"
,"['雙標', '黨']","['Na', 'Na']"
,"['政治', '可以', '去', '專', '版', '疫情', '牽涉', '政治', '就', '不用', '去', '專', '版', '這', '是', '什麼', '標']","['Na', 'D', 'D', 'VH', 'Na', 'Na', 'VK', 'Na', 'D', 'D', 'D', 'VH', 'Na', 'Nep', 'SHI', 'Nep', 'Nf']"
,"['版主', '那', '謠言', '要不要', '砍', '啊', '還是', '現在', '沒', '版主', '在', '啊']","['Na', 'Nep', 'Na', 'D', 'VC', 'T', 'Caa', 'Nd', 'VJ', 'Na', 'VCL', 'T']"
,"['矯正', '機關', '傳出', '武肺', '確', '診', '法務部', '疫情', '由', '指', '版', '主人', '呢']","['VC', 'Na', 'VC', 'VH', 'D', 'Na', 'Nc', 'Na', 'P', 'VG', 'Na', 'Na', 'T']"
,"['這樣', '放任', '那', '一', '篇', '萬一', '民眾', '被', '誤導', '怎麼辦']","['VH', 'VL', 'Nep', 'Neu', 'Nf', 'Cbb', 'Na', 'P', 'VC', 'VH']"
,"['獄政', '工會', '指出', '北部', '一', '間', '矯正', '機關', '的', '工作', '人員', '已', '確', '診為', '武']","['Na', 'Nc', 'VE', 'Ncd', 'Neu', 'Nf', 'VC', 'Na', 'DE', 'Na', 'Na', 'D', 'D', 'VG', 'Na']"
,"['漢', '肺炎', '感染', '者']","['Nb', 'Na', 'VJ', 'Na']"
,"['版主', '問', '一下', '那', '現在', '討論', '自由', '報導', '會', '被', '算', '政治', '新聞', '嗎']","['Na', 'VE', 'Nd', 'Nep', 'Nd', 'VE', 'VH', 'Na', 'D', 'P', 'VG', 'Na', 'Na', 'T']"
,"['早', '就', '說', '是', '在', '幫', '政府', '實行', '雙標', '獨裁', '罷免', '機制', '也', '失靈']","['D', 'D', 'VE', 'SHI', 'P', 'VC', 'Na', 'VC', 'Na', 'VH', 'VC', 'Na', 'D', 'VH']"
,"['標題', '沒有', '政治', '人物', '政黨', '就', '會', '留']","['Na', 'VJ', 'Na', 'Na', 'Na', 'D', 'D', 'VC']"
,"['結果', '是', '講', '昨天', '的', '案例', '現在', '八卦', '喔']","['Dk', 'SHI', 'VE', 'Nd', 'DE', 'Na', 'Nd', 'Na', 'T']"
,"['講', '昨天', '案例', '那', '就', '沒', '掛', '啦', '為啥', '不', '去', '疫情', '板貼', '呢']","['VE', 'Nd', 'Na', 'Nep', 'D', 'D', 'VC', 'T', 'D', 'D', 'VCL', 'Na', 'Na', 'T']"
,"['應該', '要', '刪除', '吧', '又', '不', '是', '指揮', '中心', '發布', '新聞']","['D', 'D', 'VC', 'T', 'D', 'D', 'SHI', 'VC', 'Nc', 'VE', 'Na']"
,"['為啥', '鄉民', '要', '在', '八卦版', '看', '疫情', '新聞', '搞笑', '嘛']","['D', 'Na', 'D', 'P', 'Na', 'VC', 'Na', 'Na', 'VA', 'T']"
,"['又', '開始', '護航', '綠共', '了', '噁心']","['D', 'VL', 'VB', 'Na', 'T', 'VH']"
,"['試辦', '這', '幹嘛']","['VC', 'Nep', 'D']"
,"['所以', '矯正', '機關', '確定', '有', '人', '確', '診']","['Cbb', 'VC', 'Na', 'VK', 'V_2', 'Na', 'D', 'Na']"
,"['所以', '現在', '可以', '只', '貼', '指揮', '中心', '的', '嘛', '其他', '通通', '刪除', '啊']","['Cbb', 'Nd', 'D', 'Da', 'VC', 'Na', 'Nc', 'DE', 'T', 'Neqa', 'D', 'VC', 'T']"
,"['陳', '時', '中', '為', '總', '指揮官', '疫情', '等', '重大', '新聞', '仍', '有', '推廣', '必要']","['Nb', 'Ng', 'Ng', 'VG', 'A', 'Na', 'Na', 'Cab', 'VH', 'Na', 'D', 'V_2', 'VC', 'Na']"
,"['版主', '自己', '都', '決定', '了', '那', '其他', '新聞', '通通', '刪除', '非', '指揮', '中心', '發布', '的']","['Na', 'Nh', 'D', 'VE', 'Di', 'Nep', 'Neqa', 'Na', 'D', 'VC', 'A', 'Na', 'Nc', 'VE', 'DE']"
,"['要', '看', '其他', '不會', '去', '疫情版', '看', '啊']","['D', 'VC', 'Neqa', 'D', 'VCL', 'Na', 'VC', 'T']"
,"['政治', '推文', '要不要', '處理']","['Na', 'Nb', 'D', 'VC']"
,"['爆卦', '剛剛', '杜汶澤', '出現', '台中', '我', '推', '文', '打到', '五', '毛', '痛腳', '了', '有', '實力']","['Na', 'D', 'Nb', 'VH', 'Nc', 'Nh', 'VC', 'Na', 'VC', 'Neu', 'Nf', 'Na', 'T', 'V_2', 'Na']"
,"['要', '處理', '我', '推', '文', '又', '不', '是', '新聞', '因', '人', '設法']","['D', 'VC', 'Nh', 'VC', 'Na', 'D', 'D', 'SHI', 'Na', 'Cbb', 'Na', 'VF']"
,"['我', '還', '接到', '共匪', '包', '養', '的', '草包', '匿名', '恐嚇', '電話', '草包', '要', '殺', '我', '全家']","['Nh', 'D', 'VC', 'Na', 'VC', 'VC', 'DE', 'Na', 'VH', 'VF', 'Na', 'Na', 'D', 'VC', 'Nh', 'Na']"
,"['個資全洩光', '了', '你', '家', '的', '銀行', '個', '資匪國', '早', '就', '看', '光光', '財產', '了']","['Na', 'T', 'Nh', 'Nc', 'DE', 'Nc', 'DE', 'Nc', 'D', 'D', 'VC', 'VH', 'Na', 'T']"
,"['警惕', '共匪', '派', '賤', '諜', '外省', '奸商', '鱷魚', '返鄉', '用心', '險惡', '施放', '病毒']","['VE', 'Na', 'VF', 'VH', 'b', 'Nc', 'Na', 'Na', 'VA', 'VH', 'VH', 'VC', 'Na']"
,"['桃園', '淪陷', '倫敦', '第二']","['Nc', 'VH', 'Nc', 'Neu']"
,"['抱歉', '滾動式', '只', '能', '噓', '了']","['VK', 'Na', 'Da', 'D', 'VC', 'Di']"
,"['倫敦', '淪陷', '桃園', '台中', '六', '都', '要', '提高', '警戒', '遠離', '外省', '共匪', '惡毒', '奸商']","['Nc', 'VH', 'Nc', 'Nc', 'Neu', 'D', 'D', 'VC', 'VA', 'VCL', 'Nc', 'Na', 'VH', 'Na']"
,"['樓上', '算', '不', '算', '製造', '疫情', '恐慌', '應該', '可以', '舉報', '吧']","['Nc', 'VG', 'D', 'VG', 'VC', 'Na', 'VH', 'D', 'D', 'VE', 'T']"
,"['濟公', '師父', '說', '的', '共匪', '有', '本事', '去', '拆', '全', '台', '濟公', '廟哈', '哈哈', '哈哈', '不', '敢']","['Nb', 'Na', 'VE', 'DE', 'Na', 'V_2', 'Na', 'D', 'VC', 'Neqa', 'Nc', 'Nb', 'Na', 'D', 'D', 'D', 'VL']"
,"['維穩', '起來']","['VH', 'Di']"
,"['幹嘛', '不', '直接', '講', '時', '背景', '不同', '就', '好', '惹']","['D', 'D', 'VH', 'VE', 'Ng', 'Na', 'VH', 'D', 'VH', 'VC']"
,"['不要', '執著', '時空', '背景', '蠢', '人才', '執著', '現在', '反共', '保台', '警惕', '共匪', '滲透']","['D', 'VH', 'Na', 'Na', 'VH', 'Na', 'VH', 'Nd', 'VH', 'Na', 'VE', 'Na', 'VA']"
,"['蔣介石', '精神', '漢賊不兩立', '現在', '要', '附身', '台灣人', '才能', '保', '平安']","['Nb', 'Na', 'VH', 'Nd', 'D', 'VB', 'Na', 'Na', 'VC', 'VH']"
,"['遠離', '外省', '草包', '奸商', '紅衛兵', '眷村', '黑道', '黨國', '渣母', '老賊', '老娼', '惡毒']","['VCL', 'Nc', 'Na', 'Na', 'Na', 'Nc', 'Nc', 'Na', 'Nb', 'Na', 'VH', 'VH']"
,"['香港', '美國', '淪陷', '英國', '被', '共匪', '施放', '病毒', '這', '都', '是', '陽謀', '醒醒', '吧']","['Nc', 'Nc', 'VH', 'Nc', 'P', 'Na', 'VC', 'Na', 'Nep', 'D', 'SHI', 'Nb', 'VA', 'T']"
,"['台灣', '與', '這', '三國', '相比', '小巫見大巫', '收買', '黑道', '奸商', '外省', '草包', '搗亂']","['Nc', 'P', 'Nep', 'Nd', 'VB', 'VH', 'VC', 'Nc', 'Na', 'Nc', 'Na', 'VA']"
,"['小菜', '一', '疊', '莊敬自強', '處變不驚', '與', '神', '同行', '無懼', '魔', '擾']","['Na', 'Neu', 'Nf', 'VA', 'VH', 'Caa', 'Na', 'Na', 'VH', 'Na', 'VC']"
,"['純', '噓', '滾動', '整', '天', '滾動', '是', '在', '滾動', '三', '小']","['VH', 'VC', 'VA', 'Neqa', 'Nf', 'VA', 'SHI', 'P', 'VA', 'Neu', 'VH']"
,"['樓上', '信教']","['Nc', 'VA']"
,"['佛道', '基督教']","['Na', 'Nb']"
,"['以', '佛為', '心', '以', '道為', '神', '以', '基督', '為', '復活', '的', '真人', '真實', '不', '虛', '普濟', '眾生']","['Cbb', 'VG', 'Na', 'P', 'VG', 'Na', 'P', 'Nb', 'VG', 'VH', 'DE', 'Na', 'VH', 'D', 'VH', 'VC', 'Na']"
,['推起來'],['D']
,"['防疫', '不', '是', '有', '專', '版']","['VA', 'D', 'SHI', 'V_2', 'VH', 'Na']"
,"['滾動式', '檢討', '就', '時空', '背景', '不同', '之', '術', '換', '個', '名稱', '而已', '啊', '相信', '疫情']","['Na', 'VE', 'P', 'Na', 'Na', 'VH', 'DE', 'Na', 'VC', 'Nf', 'Na', 'T', 'T', 'VK', 'Na']"
,"['和緩', '政府', '被', '批評', '的', '聲音', '減少', '時', '又', '會', '解禁', '了']","['VH', 'Na', 'P', 'VC', 'DE', 'Na', 'VHC', 'Ng', 'D', 'D', 'VB', 'T']"
,"['維穩', '版', '主']","['VH', 'Na', 'Na']"
,"['阿', '不', '是', '才', '天', '而已', '也', '有', '高潮']","['Nc', 'D', 'SHI', 'Da', 'Nf', 'T', 'D', 'V_2', 'Na']"
,"['綠', '畜式', '反', '民主']","['VH', 'A', 'VC', 'Na']"
,"['有', '政府', '會', '讓', '八卦', '板自', '綠']","['V_2', 'Na', 'D', 'VL', 'Na', 'Na', 'VH']"
,"['版面', '變', '清爽', '了', '持續', '支持']","['Na', 'VH', 'VH', 'Di', 'VL', 'VC']"
,"['版主', '你', '要', '砍', '政治', '新聞', '就', '全', '砍好', '嗎', '選擇性', '侃侃']","['Na', 'Nh', 'D', 'VC', 'Na', 'Na', 'D', 'Neqa', 'VC', 'T', 'Na', 'D']"
,"['版主', '很', '失望', '說好', '沒', '政治', '新聞', '周', '為啥', '還', '一', '堆', '不', '砍', '呢']","['Na', 'Dfa', 'VH', 'VE', 'VJ', 'Na', 'Na', 'Nb', 'D', 'D', 'Neu', 'Nf', 'D', 'VC', 'T']"
,"['綠', '畜', '控管', '版']","['VH', 'Na', 'VC', 'Na']"
,"['滾', '你', '妹']","['VC', 'Nh', 'Na']"
,"['防疫', '怎不', '去', '防疫', '專版', '維穩', '就', '維穩', '講', '這麼多']","['VA', 'D', 'D', 'VA', 'Na', 'VH', 'D', 'VH', 'VE', 'Neqa']"
,"['推版', '主']","['Na', 'Na']"
,"['濟公', '師父', '習柯韓', '三位一體', '三位一體', '共匪', '邪靈', '操控', '的', '神經病']","['Nb', 'Na', 'Nb', 'Na', 'Na', 'Na', 'Na', 'VC', 'DE', 'Na']"
,"['錢鬼', '一', '家', '親', '重度', '精神病']","['Nb', 'Neu', 'Nf', 'VJ', 'A', 'Na']"
,"['維穩', '怕', '被', '民眾', '監督', '想', '隱瞞', '什麼']","['VH', 'VK', 'P', 'Na', 'VC', 'VE', 'VC', 'Nep']"
,"['整個', '版面', '清爽', '好多', '看到', '蟑螂', '去', '政黑', '被', '打', '的', '亂七八糟', '好', '爽']","['Neqa', 'Na', 'VH', 'Neqa', 'VE', 'Na', 'D', 'VH', 'P', 'VC', 'DE', 'VH', 'VH', 'VH']"
,"['你', '媽', '整', '串', '刪掉', '是', '怎樣']","['Nh', 'Na', 'Neqa', 'Nf', 'VC', 'SHI', 'VH']"
,"['挪威', '打', '美國', '輝瑞', '疫苗', '死', '了', '人', '不要', '打獸印', '恐', '破壞', '腦神經']","['Nc', 'VC', 'Nc', 'Nb', 'Na', 'VH', 'Di', 'Na', 'D', 'VC', 'VK', 'VC', 'Na']"
,"['習柯', '韓', '三', '個', '草包', '可能', '是', '被', '深層', '操控', '的', '人腦', '實驗', '白老鼠', '有病']","['Nb', 'Nc', 'Neu', 'Nf', 'Na', 'D', 'SHI', 'P', 'A', 'VC', 'DE', 'Na', 'Na', 'Na', 'VH']"
,"['是', '不', '是', '常', '自我', '幻想', '嗯']","['SHI', 'D', 'SHI', 'D', 'Nh', 'VE', 'I']"
,"['罷免', '的', '話', '記得', '站', '內', '我', '揪', '一下']","['VC', 'DE', 'Na', 'VK', 'VA', 'Ng', 'Nh', 'VC', 'Nd']"
,"['所以', '重點', '到底', '是', '改', '哪裡']","['Cbb', 'Na', 'D', 'SHI', 'VC', 'Ncd']"
,"['放任', '政治', '新聞']","['VL', 'Na', 'Na']"
,"['我', '建議', '版主', '滾動式', '下台']","['Nh', 'VE', 'Na', 'Na', 'VA']"
,"['有', '政治', '文了', '你們', '卻', '又', '不', '刪', '了', '可以', '明確', '一點', '好', '嗎']","['V_2', 'Na', 'Nb', 'Nh', 'D', 'D', 'D', 'VC', 'Di', 'D', 'VH', 'Dfb', 'VH', 'T']"
,"['板主', '是', '在', '睡膩', '一', '整', '排', '政治', '新聞', '是', '當作', '看', '不見', '喔']","['Na', 'SHI', 'P', 'VH', 'Neu', 'Neqa', 'Nf', 'Na', 'Na', 'SHI', 'VG', 'VC', 'VH', 'T']"
,"['開放', '新聞', '不', '回文', '比較', '有用', '不然', '還不是', '在', '那邊', '洗']","['VH', 'Na', 'D', 'VA', 'Dfa', 'VH', 'Cbb', 'D', 'P', 'Ncd', 'VC']"
,"['有', '管理', '就', '有', '推', '看到', '了', '版主', '加油']","['V_2', 'Na', 'D', 'V_2', 'VC', 'VE', 'Di', 'Na', 'VB']"
,"['我', '也', '覺得', '可以', '開放', '政治', '新聞', '然後', '禁', '回文']","['Nh', 'D', 'VK', 'D', 'VC', 'Na', 'Na', 'D', 'VC', 'VA']"
,"['這', '個', '政策', '太', '瞎', '了', '到處', '起', '爭議']","['Nep', 'Nf', 'Na', 'Dfa', 'VH', 'Di', 'D', 'VC', 'Na']"
,"['不禁', '政治', '新聞', '不', '就', '沒', '這', '種', '鳥', '問題', '了']","['VL', 'Na', 'Na', 'D', 'D', 'VJ', 'Nep', 'Nf', 'Na', 'Na', 'T']"
,"['選擇性', '刪文', '哈哈']","['Na', 'Nb', 'D']"
,"['自己', '選', '的']","['Nh', 'VC', 'DE']"
,"['假', '新聞', '不用', '刪真', '新聞', '秒', '刪', '這', '就是', '白賊', '價值']","['VH', 'Na', 'D', 'Nb', 'Na', 'Nf', 'VC', 'Nep', 'Cbb', 'Nb', 'Na']"
,"['這麼', '難當', '何不', '自請', '下台']","['Dfa', 'VH', 'D', 'VF', 'VA']"
,"['看到', '被', '噓', '到', '就', '換', '個', '標題']","['VE', 'P', 'VC', 'P', 'D', 'VC', 'Nf', 'Na']"
,"['風向', '不', '對', '就', '搞', '禁', '政治', '文風', '向', '對', '就', '言論', '自由', '維穩', '的', '真']","['Na', 'D', 'P', 'D', 'VC', 'VC', 'Na', 'Na', 'P', 'VH', 'P', 'Na', 'VH', 'VH', 'DE', 'VH']"
,"['好', '棒棒', '的', '政策', '啊']","['VH', 'Neqa', 'DE', 'Na', 'T']"
,"['對了', '最', '重要', '的', '就是', '所謂', '實行', '成效', '誰', '來', '判定', '還是', '不', '敢', '回']","['VH', 'Dfa', 'VH', 'DE', 'Cbb', 'VK', 'VC', 'Na', 'Nh', 'D', 'VE', 'D', 'D', 'VL', 'VCL']"
,"['答', '啊']","['VE', 'T']"
,"['實行', '成效', '想', '也', '知道', '誰', '判定', '你', '知', '我', '知', '獨眼龍', '也', '知道']","['VC', 'Na', 'VE', 'D', 'VK', 'Nh', 'VE', 'Nh', 'VK', 'Nh', 'VK', 'Na', 'D', 'VK']"
,"['你', '吃', '屎']","['Nh', 'VC', 'Na']"
,"['所以', '只', '會', '刪文', '就是了']","['Cbb', 'Da', 'D', 'Nb', 'VH']"
,"['下台', '啦', '幹']","['VA', 'T', 'VC']"
,"['滾下', '台噁爛', '的', '人']","['VCL', 'VH', 'DE', 'Na']"
,"['我', '以', '神奇', '之', '名', '表示', '滾']","['Nh', 'P', 'VH', 'DE', 'Na', 'VE', 'VA']"
,"['下去', '啦']","['VA', 'T']"
,"['維穩', '怕', '被', '民眾', '監督', '想', '隱瞞', '什麼']","['VH', 'VK', 'P', 'Na', 'VC', 'VE', 'VC', 'Nep']"
,"['下台', '下台', '下台', '可以', '罷免', '嗎']","['VA', 'VA', 'VA', 'D', 'VC', 'T']"
,"['雙標白', '賊黨', '維穩', '天下', '第一']","['Na', 'Na', 'VH', 'Nc', 'Neu']"
,"['想', '掩蓋', '就', '說']","['VE', 'VC', 'D', 'VE']"
,"['一', '堆', '標題', '蔡英文柯', '文哲', '的', '文章', '為什麼', '不全', '刪', '沒', '見', '過', '這麼']","['Neu', 'Nf', 'Na', 'Nb', 'Na', 'DE', 'Na', 'D', 'VH', 'VC', 'D', 'VE', 'Di', 'D']"
,"['下台', '啦', '北', '七']","['VA', 'T', 'Ncd', 'Neu']"
,"['白賊維穩', '天下', '一']","['Na', 'Nc', 'Neu']"
,"['希望', '永久', '無', '政治', '新聞', '續辦', '下去']","['VK', 'Nd', 'VJ', 'Na', 'Na', 'VC', 'Di']"
,"['超爛', '板主', '選隻', '狗', '都', '比', '你', '會']","['VH', 'Na', 'Na', 'Na', 'D', 'P', 'Nh', 'D']"
,"['支持', '八卦', '版無', '新聞', '要', '聊', '政治', '請去', '專版', '謝謝']","['VC', 'Na', 'Na', 'Na', 'D', 'VE', 'Na', 'VF', 'Na', 'VJ']"
,"['難怪', '還', '在', '美國', '不', '給', '邀請', '信']","['D', 'D', 'P', 'Nc', 'D', 'VD', 'VC', 'Na']"
,,
,"['預告', '統人', '還', '沒', '選舉', '就', '知會', '當上', '版主', '真是', '太', '厲害', '了']","['VE', 'Na', 'D', 'VJ', 'Na', 'D', 'VC', 'VG', 'Na', 'D', 'Dfa', 'VH', 'T']"
,"['滾動', '是', '滾蛋式', '吧']","['VA', 'SHI', 'Na', 'T']"
,"['慘', '喔']","['VH', 'T']"
,"['認真', '建議', '鬧板', '的', '水桶', '網軍', '通常', '有', '下', '資源']","['VH', 'Na', 'Na', 'DE', 'Na', 'Na', 'D', 'V_2', 'Nes', 'Na']"
,"['網軍', '下', '資源', '下到', '八卦', '烏煙瘴氣']","['Na', 'Ncd', 'Na', 'VCL', 'Na', 'VH']"
,"['無恥', '雙標仔', '光明正大']","['VH', 'Na', 'VH']"
,"['刪文', '隨心所欲']","['Nb', 'VH']"
,"['白共洗', '百', '篇', '的', '沒', '邀請函', '就是', '泛政治']","['Na', 'Neu', 'Nf', 'DE', 'VJ', 'Na', 'Cbb', 'VH']"
,"['是', '泛政治', '要', '刪', '理由', '也', '找好', '一點', '吧']","['SHI', 'VH', 'D', 'VC', 'Na', 'D', 'VC', 'Dfb', 'T']"
,"['不', '是', '還', '說', '有', '疫情', '版']","['D', 'SHI', 'D', 'VE', 'V_2', 'Na', 'Na']"
,"['滿', '合理', '的', '只是', '會', '被', '罵', '而已']","['Dfa', 'VH', 'DE', 'D', 'D', 'P', 'VC', 'T']"
,"['好奇', '來', '看', '標準', '原來', '是', '滾動式', '懂', '了']","['VH', 'D', 'VC', 'Na', 'D', 'SHI', 'Na', 'VK', 'Di']"
,"['美國', '給', '邀請函', '一直', '這', '個', '不', '是', '算', '政治', '嗎']","['Nc', 'VD', 'Na', 'D', 'Nep', 'Nf', 'D', 'SHI', 'VG', 'Na', 'T']"
,"['喔', '還', '沒', '下台']","['I', 'D', 'D', 'VA']"
,"['民眾黨', '給', '你', '多少', '錢']","['Na', 'VD', 'Nh', 'Neqa', 'Na']"
,"['請', '鄉民', '們', '自', '綠']","['VF', 'Na', 'Na', 'P', 'VH']"
,"['化學系館', '附近', '的', '湖', '的', '周圍', '種滿', '野薑花', '有', '次', '戴', '著', '口罩', '經過', '還是', '聞到', '花香', '心情', '瞬間', '變得', '很', '好']","['Nc', 'Nc', 'DE', 'Na', 'DE', 'Nc', 'VC', 'Na', 'V_2', 'Nf', 'VC', 'Di', 'Na', 'VCL', 'D', 'VC', 'Na', 'Na', 'Nd', 'VJ', 'Dfa', 'VH']"
,"['是', '疫情', '使', '沒辦法', '剪', '頭髮', '嗎', '現在', '這', '髮型', '超爆', '可愛', '欸']","['SHI', 'Na', 'VL', 'VI', 'VC', 'Na', 'T', 'Nd', 'Nep', 'Na', 'VH', 'VH', 'I']"
,"['美國', '因', '肺炎', '病死', '超過', '二戰', '人數', '了', '時間', '花', '年年']","['Nc', 'Cbb', 'Na', 'VH', 'VJ', 'Na', 'Na', 'Di', 'Na', 'Na', 'D']"
,"['羅光達', '的', '生活', '中', '的', '經濟學', '這', '學期', '期末', '沒有', '拍片', '囉', '據說', '是', '因為', '疫情', '但', '還是', '有', '三', '次', '個', '人', '作業', '學期', '中', '兩', '份', '經濟學', '相關', '新聞', '的', '心得', '期末', '其實', '基本', '上', '課程', '內容', '都', '是', '從', '高中', '公民', '延伸', '的', '只有', '少', '部分', '像', '彈性', '或', '期中考', '後', '的', '總經', '等', '概念', '是', '高中', '比較', '沒有', '提到', '的', '從', '這', '學期', '的', '修課', '經驗', '來', '講', '我', '覺得', '期中', '末', '考', '只要', '願意', '寫', '得多', '一點', '答案', '合理', '助教', '都', '很', '願意', '給分', '期末考', '也', '比', '期中考', '簡單', '許多', '我', '的', '學期', '分數', '給', '大家', '參考', '老師', '上課', '也', '真的', '是', '會', '用', '很', '生活化', '的', '舉例', '課程', '進度', '和', '授課', '節奏', '也', '都', '掌握', '得', '很', '好', '老師', '講話', '的', '抑揚頓挫', '也', '讓', '人', '覺得', '很', '專業', '某', '一', '位', '助教', '雖然', '有時候', '有點', '尬', '哈哈', '但', '其實', '也', '會', '教', '一些', '有用', '又', '更', '容易', '理解', '的', '方法', '來', '解題', '以', '核通', '來', '講', '是', '滿', '好', '入手', '不', '小心', '打', '太多', '給', '大家', '一些', '資訊', '做', '參考']","['Nb', 'DE', 'Na', 'Ng', 'DE', 'Na', 'Nep', 'Na', 'Nd', 'D', 'VA', 'T', 'Dk', 'SHI', 'Cbb', 'Na', 'Cbb', 'D', 'V_2', 'Neu', 'Nf', 'Nf', 'Na', 'Na', 'Na', 'Ng', 'Neu', 'Nf', 'Na', 'VH', 'Na', 'DE', 'Na', 'Nd', 'D', 'Na', 'Ncd', 'Na', 'Na', 'D', 'SHI', 'P', 'Nc', 'Na', 'VH', 'DE', 'D', 'VJ', 'Neqa', 'VG', 'Na', 'Caa', 'Na', 'Ng', 'DE', 'Na', 'Cab', 'Na', 'SHI', 'Nc', 'Dfa', 'VJ', 'VE', 'DE', 'P', 'Nep', 'Na', 'DE', 'Na', 'Na', 'D', 'VE', 'Nh', 'VK', 'Nd', 'Ng', 'VC', 'Cbb', 'VK', 'VC', 'Dfb', 'Neqa', 'Na', 'VH', 'Na', 'D', 'Dfa', 'VK', 'VA', 'Na', 'D', 'P', 'Na', 'VH', 'Neqa', 'Nh', 'DE', 'Na', 'Na', 'VD', 'Nh', 'VC', 'Na', 'VA', 'D', 'D', 'SHI', 'D', 'P', 'Dfa', 'VHC', 'DE', 'VA', 'Na', 'Na', 'Caa', 'VA', 'Na', 'D', 'D', 'VC', 'DE', 'Dfa', 'VH', 'Na', 'VA', 'DE', 'Na', 'D', 'VL', 'Na', 'VK', 'Dfa', 'VH', 'Nes', 'Neu', 'Nf', 'Na', 'Cbb', 'D', 'Dfa', 'b', 'D', 'Cbb', 'D', 'D', 'D', 'VC', 'Neqa', 'VH', 'D', 'D', 'VH', 'VK', 'DE', 'Na', 'D', 'VA', 'P', 'Na', 'D', 'VE', 'SHI', 'Dfa', 'VH', 'VA', 'D', 'VK', 'VC', 'Neqa', 'VD', 'Nh', 'Neqa', 'Na', 'VC', 'Na']"
,"['不要', '辦']","['D', 'VC']"
,"['哪', '個', '營隊', '啊', '竟然', '還', '敢', '辦']","['Nep', 'Nf', 'Na', 'T', 'D', 'D', 'VL', 'VC']"
,"['很多', '都', '還', '在', '辦', '哦', '站', '在', '營隊', '的', '立場', '除非', '被', '強制', '停辦', '不然', '不會', '自主', '停', '吧', '畢竟', '錢', '啊', '力', '啊', '都', '回', '不', '來', '了', '課外組', '有', '下', '一些', '新', '的', '指示', '我', '覺得', '要', '繼續', '辦', '就', '要', '好好', '遵守', '剩下', '的', '自求多福', '吧']","['Neqa', 'D', 'D', 'P', 'VC', 'T', 'VA', 'P', 'Na', 'DE', 'Na', 'Cbb', 'P', 'VF', 'VC', 'Cbb', 'D', 'VH', 'VHC', 'T', 'D', 'Na', 'T', 'Na', 'T', 'D', 'VCL', 'D', 'VA', 'Di', 'Nc', 'V_2', 'Nes', 'Neqa', 'VH', 'DE', 'VE', 'Nh', 'VK', 'D', 'VF', 'VC', 'D', 'D', 'VH', 'VJ', 'VJ', 'DE', 'VA', 'T']"
,"['不要', '辦']","['D', 'VC']"
,"['桃園', '的', '最', '可怕']","['Nc', 'DE', 'Dfa', 'VH']"
,"['自己', '評估', '啊', '要', '辦', '就', '做好', '防疫', '不', '辦', '就', '還是', '要', '做好', '防疫', '啊']","['Nh', 'VE', 'T', 'D', 'VC', 'D', 'VC', 'VA', 'D', 'VC', 'D', 'D', 'D', 'VC', 'VA', 'T']"
,"['直接', '取消', '我們', '那', '時候', '宿營', '也', '直接', '取消']","['VH', 'VC', 'Nh', 'Nep', 'Na', 'VA', 'D', 'VH', 'VC']"
,"['你們', '什麼', '系', '呀', '連', '宿營', '都', '取消']","['Nh', 'Nep', 'Nc', 'T', 'Cbb', 'VA', 'D', 'VC']"
,"['燈會', '書展', '這', '種花', '了', '更多', '錢', '和', '力', '來', '籌劃', '的', '活動', '也', '取消', '了', '沒道理', '大學生', '的', '好玩', '營隊', '就', '因為', '錢', '和', '力回', '不', '來', '所以', '要', '照辦', '吧']","['Na', 'Na', 'Nep', 'VA', 'Di', 'Neqa', 'Na', 'Caa', 'Na', 'D', 'VC', 'DE', 'Na', 'D', 'VC', 'Di', 'VH', 'Na', 'DE', 'VH', 'Na', 'D', 'Cbb', 'Na', 'Caa', 'VC', 'D', 'D', 'Cbb', 'D', 'VB', 'T']"
,"['現在', '主要', '考量', '的', '是', '規模', '吧', '營隊', '這', '種', '不', '到', '人', '的', '活動', '不', '確定', '會不會', '停辦']","['Nd', 'D', 'VE', 'DE', 'SHI', 'Na', 'T', 'Na', 'Nep', 'Nf', 'D', 'P', 'Na', 'DE', 'Na', 'D', 'VK', 'D', 'VC']"
,"['規模', '雖', '小', '但', '若', '成為', '防疫', '破口', '這', '人', '傳播', '疫情', '的', '風險', '絕對', '不容', '小覷', '更何況', '大型', '活動', '雖然', '人', '多', '但', '通常', '不會', '跟', '太多', '的', '人', '有', '互動', '而', '營隊', '當中', '的', '遊戲', '及', '活動', '使', '彼此', '接觸', '的', '機會', '增加', '過程', '中', '能否', '確定', '所有人', '都', '戴好', '口罩', '做好', '消毒', '也', '是', '一', '個', '問題', '所以', '我', '覺得', '不能', '只', '看', '規模', '欸', '活動', '性質', '跟', '風險', '也', '該', '納入', '考量', '之中']","['Na', 'Cbb', 'VH', 'Cbb', 'Cbb', 'VG', 'VA', 'D', 'Nep', 'Na', 'VC', 'Na', 'DE', 'Na', 'D', 'D', 'VJ', 'Cbb', 'A', 'Na', 'Cbb', 'Na', 'VH', 'Cbb', 'D', 'D', 'P', 'VH', 'DE', 'Na', 'V_2', 'VA', 'Cbb', 'Na', 'Ng', 'DE', 'Na', 'Caa', 'Na', 'VL', 'Nh', 'VC', 'DE', 'Na', 'VHC', 'Na', 'Ng', 'D', 'VK', 'Na', 'D', 'Nb', 'Na', 'VC', 'VC', 'D', 'SHI', 'Neu', 'Nf', 'Na', 'Cbb', 'Nh', 'VK', 'D', 'Da', 'VC', 'Na', 'I', 'Na', 'Na', 'P', 'Na', 'D', 'D', 'VJ', 'VE', 'Ng']"
,"['無聊', '又', '一', '個', '在', '怕', '的', '煩', '不', '煩', '啊']","['VH', 'Caa', 'Neu', 'Nf', 'P', 'VK', 'DE', 'VHC', 'D', 'VHC', 'T']"
,"['我', '當兵', '的', '時候', '得', '過', '肺炎', '超爽', '空前絕後', '的', '體驗']","['Nh', 'VA', 'DE', 'Na', 'VJ', 'Di', 'Na', 'VH', 'VH', 'DE', 'VC']"
,"['到時候', '確', '診', '就', '別', '哭']","['D', 'D', 'Na', 'D', 'D', 'VA']"
,"['妳', '不', '怕', '不', '代表', '其他', '人', '不', '怕', '可以', '不用', '風涼話']","['Nh', 'D', 'VK', 'D', 'VK', 'Neqa', 'Na', 'D', 'VK', 'D', 'D', 'Na']"
,"['肺炎', '遇上', '肥胖', '易', '重症', '要', '守護', '身邊', '沒', '人權', '的', '肥', '宅']","['Na', 'VC', 'VH', 'VH', 'Na', 'D', 'VC', 'Nc', 'VJ', 'Na', 'DE', 'VHC', 'Nc']"
,"['拜託', '課程', '先', '全部', '線上', '好', '嗎']","['VC', 'Na', 'D', 'Neqa', 'Nc', 'VH', 'T']"
,"['這', '個', '也', '太', '嗆']","['Nep', 'Nf', 'D', 'Dfa', 'VH']"
,"['完全', '有', '一樣', '的', '想法', '最近', '快要', '開始', '密集', '籌備', '了', '不能', '出', '的', '話', '好', '希望', '再', '這', '之前', '就', '直接', '痛快', '的', '取消', '不然', '感覺', '超', '浪費', '時間', '的', '學校', '會', '怎麼', '處理', '啊']","['D', 'V_2', 'VH', 'DE', 'Na', 'Nd', 'D', 'VL', 'VH', 'VC', 'Di', 'D', 'VC', 'DE', 'Na', 'Dfa', 'VK', 'D', 'Nep', 'Ng', 'D', 'VH', 'VH', 'DE', 'VC', 'Cbb', 'Na', 'VJ', 'VC', 'Na', 'DE', 'Nc', 'D', 'D', 'VC', 'T']"
,"['我', '也', '很', '好奇', '學校', '怎麼', '處理', '我們', '現在', '什麼', '也', '不', '知道']","['Nh', 'D', 'Dfa', 'VH', 'Nc', 'D', 'VC', 'Nh', 'Nd', 'Nep', 'D', 'D', 'VK']"
,"['不', '是', '服務', '機構', '決定', '的', '嗎', '淡江', '應該', '不能自己', '喊卡', '吧']","['D', 'SHI', 'VC', 'Na', 'VE', 'T', 'T', 'Nb', 'D', 'VH', 'Na', 'T']"
,"['乾', '深', '有', '同感', '不然', '都', '一直', '練', '一直', '練', '如果', '最後', '真的', '沒', '去', '成真', '的', '會', '崩潰', '可是', '如果', '取消', '聽說', '執行', '就', '拿不到']","['VH', 'VH', 'V_2', 'Na', 'Cbb', 'D', 'D', 'VC', 'D', 'VC', 'Cbb', 'Nd', 'D', 'D', 'D', 'VH', 'DE', 'D', 'VH', 'Cbb', 'Cbb', 'VC', 'VE', 'VC', 'D', 'VJ']"
,"['這', '個', '我', '不', '清楚', '而且', '其實', '疫情', '這樣', '我', '也', '不', '想', '去', '可是', '總', '召', '好像', '沒有', '要', '放', '人', '的', '意思', '我', '覺得', '健康', '比較', '重要']","['Nep', 'Nf', 'Nh', 'D', 'VH', 'Cbb', 'D', 'Na', 'VH', 'Nh', 'D', 'D', 'VE', 'D', 'Cbb', 'D', 'VF', 'D', 'D', 'D', 'VC', 'Na', 'DE', 'Na', 'Nh', 'VK', 'VH', 'Dfa', 'VH']"
,"['正常', '過']","['VH', 'Di']"
,"['還', '有', '作秀', '跟', '往', '臉', '上', '貼金', '還', '有', '很多', '或', '大', '或', '小', '的', '串']","['D', 'V_2', 'VA', 'P', 'P', 'Na', 'Ncd', 'VA', 'D', 'V_2', 'Neqa', 'Caa', 'VH', 'Caa', 'VH', 'DE', 'VC']"
,"['學校', '就', '只', '想', '搶', '新聞', '版面', '罔顧', '學生', '權益']","['Nc', 'D', 'Da', 'VE', 'VD', 'Na', 'Na', 'VJ', 'Na', 'Na']"
,"['而且', '現在', '小蘇蘇', '還', '敢', '出書', '啊', '那麼', '愛', '往', '自己', '臉', '上', '貼金']","['Cbb', 'Nd', 'Nb', 'D', 'VL', 'VA', 'T', 'D', 'VL', 'P', 'Nh', 'Na', 'Ncd', 'VA']"
,"['我', '覺得', '有', '可能', '再', '延後', '開學', '一', '次', '欸']","['Nh', 'VK', 'V_2', 'D', 'D', 'VC', 'VH', 'Neu', 'Nf', 'I']"
,"['靠', '學生', '翹課', '造謠']","['VJ', 'Na', 'VA', 'VA']"
,"['要', '走', '比較', '遠', '的', '路', '進入', '系館']","['D', 'VA', 'Dfa', 'VH', 'DE', 'Na', 'VCL', 'Nc']"
,"['必修', '都', '改線', '上課', '超', '爽']","['A', 'D', 'Na', 'VA', 'VJ', 'VH']"
,"['之前', '計組', '教室', '就', '大概', '個人', '小班制', '真', '好']","['Nd', 'Na', 'Nc', 'D', 'D', 'Na', 'Na', 'D', 'VH']"
,"['有', '人', '填完', '防疫', '足跡', '調查', '後', '馬上', '被', '宿舍', '擋住', '不能', '進去', '連', '東西', '都', '不', '給', '拿', '然後', '學生', '即刻', '被', '趕', '回家', '自主', '管理', '問題', '來', '了', '既然', '該', '學生', '為', '被', '懷疑', '潛在', '感染', '者', '還', '放', '學生', '上', '公共', '運輸', '偉', '哉', '華國', '處理', '方式']","['V_2', 'Na', 'VC', 'VA', 'Na', 'VE', 'Ng', 'D', 'P', 'Nc', 'VC', 'D', 'VA', 'Cbb', 'Na', 'D', 'D', 'VD', 'VC', 'D', 'Na', 'D', 'P', 'VC', 'VA', 'VH', 'VC', 'Na', 'VA', 'Di', 'Cbb', 'Nes', 'Na', 'VG', 'P', 'VK', 'A', 'VJ', 'Na', 'D', 'VC', 'Na', 'Ncd', 'A', 'VC', 'b', 'T', 'Nb', 'VC', 'Na']"
,"['把', '醫學院', '後門', '關起', '來到', '現在', '都', '不', '開']","['P', 'Nc', 'Na', 'VC', 'VCL', 'Nd', 'D', 'D', 'VC']"
,"['系館', '只', '開放', '一', '道', '門', '出入', '藉', '防疫', '之', '名行', '懶惰', '之', '實', '還', '有', '林', '北', '體溫', '偏', '高', '每', '天都', '被', '攔', '然後', '狂', '被', '問', '有沒有', '不', '舒服', '煩死']","['Nc', 'Da', 'VC', 'Neu', 'Nf', 'Na', 'VCL', 'P', 'VA', 'DE', 'Na', 'VH', 'DE', 'D', 'D', 'V_2', 'Na', 'Ncd', 'Na', 'D', 'VH', 'Nes', 'Na', 'P', 'VC', 'D', 'VH', 'P', 'VE', 'D', 'D', 'VH', 'VH']"
,"['大家', '願意', '按', '那', '個', '作秀', '影片', '不', '喜歡']","['Nh', 'VK', 'P', 'Nep', 'Nf', 'VA', 'Na', 'D', 'VK']"
,"['封', '所有', '校', '內', '討論', '空間', '結果', '就是', '麥當勞', '擠滿', '了', '一', '群', '人']","['VC', 'Neqa', 'Nc', 'Ncd', 'VE', 'Na', 'Na', 'Cbb', 'Nc', 'VCL', 'Di', 'Neu', 'Nf', 'Na']"
,"['成大', '倒讚幫', '該', '出動', '了']","['Nc', 'Nb', 'D', 'VAC', 'Di']"
,"['幫補', '個', '連結']","['VC', 'Nf', 'VC']"
,"['操', '我', '昨天', '去', '留言', '一些', '連結', '都', '她', '媽', '不能', '顯示', '登出', '帳號', '就', '看', '不', '到', '我', '的', '留言']","['VC', 'Nh', 'Nd', 'D', 'VA', 'Neqa', 'VC', 'D', 'Nh', 'Na', 'D', 'VK', 'VC', 'Na', 'D', 'VC', 'D', 'P', 'Nh', 'DE', 'Na']"
,"['知識', '是', '光', '善良', '是', '影']","['Na', 'SHI', 'Na', 'VH', 'SHI', 'Na']"
,"['慧', '做', '事', '貞', '放心', '我', '也', '是', '笑笑']","['Na', 'VC', 'Na', 'b', 'VK', 'Nh', 'D', 'SHI', 'VA']"
,"['阿', '印象', '中', '不', '是', '要', '盡', '什麼', '大學', '的', '責任']","['Nc', 'Na', 'Ng', 'D', 'SHI', 'D', 'VJ', 'Nep', 'Nc', 'DE', 'Na']"
,"['知識', '是', '光', '善良', '是', '影']","['Na', 'SHI', 'Na', 'VH', 'SHI', 'Na']"
,"['這', '個']","['Nep', 'Nf']"
,,
,"['下', '學期', '可能', '會', '因為', '疫情', '活動', '變', '少', '但', '有', '些', '社團', '的', '大成', '發', '會', '在下', '學期']","['Nes', 'Na', 'D', 'D', 'Cbb', 'Na', 'Na', 'VH', 'VH', 'Cbb', 'V_2', 'Nf', 'Na', 'DE', 'Na', 'VD', 'D', 'Nh', 'Na']"
,"['沒', '差', '啦', '開心', '就', '好']","['D', 'VH', 'T', 'VH', 'D', 'VH']"
,"['來', '看看', '新書', '發表會', '會不會', '被', '打腫', '臉']","['D', 'VC', 'Na', 'Na', 'D', 'P', 'VC', 'Na']"
,"['頂上', '去']","['Nc', 'D']"
,"['說不定', '是', '碳佐麻里', '遊說', '學校', '不要', '禁', '的', '禁', '營隊', '沒', '慶功宴', '生意', '難', '做']","['D', 'SHI', 'Na', 'VF', 'Nc', 'D', 'VC', 'DE', 'VC', 'Na', 'VJ', 'Na', 'Na', 'VH', 'VC']"
,"['好', '爽', '喔', '我', '就', '營隊', '猴', '吱吱']","['Dfa', 'VH', 'T', 'Nh', 'D', 'Na', 'Na', 'D']"
,"['能', '理解', '花', '時間', '心力', '準備', '活動', '且', '前', '陣子', '都', '算', '安穩', '的', '日子', '突然', '在', '這', '幾', '天', '可能', '被', '喊', '卡', '的', '不', '情願', '但', '想辦', '又', '都', '還', '不', '帶', '口罩', '的', '到底', '在', '想', '什麼']","['D', 'VK', 'VC', 'Na', 'Na', 'VC', 'Na', 'Caa', 'Nes', 'Nd', 'D', 'VG', 'VH', 'DE', 'Na', 'D', 'P', 'Nep', 'Neu', 'Nf', 'D', 'P', 'VE', 'Na', 'DE', 'D', 'VK', 'Cbb', 'VC', 'D', 'D', 'D', 'D', 'VC', 'Na', 'DE', 'D', 'P', 'VE', 'Nep']"
,"['通報', '好像', '有', '人', '對', '這', '篇', '文章', '有', '新', '想法', '唷', '快', '來去', '看看']","['VE', 'D', 'V_2', 'Na', 'P', 'Nep', 'Nf', 'Na', 'V_2', 'VH', 'Na', 'T', 'D', 'VA', 'VC']"
,"['畢典辦', '不成', '生意', '做', '不成']","['Nb', 'VH', 'Na', 'VC', 'VH']"
,"['還不如', '把', '課程', '線上', '做好']","['Cbb', 'P', 'Na', 'Nc', 'VC']"
,"['停辦', '啦', '一', '堆', '猴子', '吵死']","['VC', 'T', 'Neu', 'Nf', 'Na', 'VH']"
,"['怎麼', '不', '停辦', '啊', '都', '已經', '有', '本土', '案例', '了', '欸', '不只', '高中生', '從', '各', '地', '來', '還', '有', '各', '個', '友會', '的', '返鄉', '服務', '營隊', '接觸到', '的', '人', '也', '不', '知道', '去', '過', '哪裡']","['D', 'D', 'VC', 'T', 'D', 'D', 'V_2', 'Nc', 'Na', 'T', 'I', 'Da', 'Na', 'P', 'Nes', 'Na', 'D', 'D', 'V_2', 'Nes', 'Nf', 'Na', 'DE', 'VA', 'VC', 'Na', 'VC', 'DE', 'Na', 'D', 'D', 'VK', 'D', 'VCL', 'Ncd']"
,"['講', '的', '好像', '寒假', '完', '開學', '之後', '從', '各', '地', '回來', '的', '學生', '就', '不', '是', '從', '各', '個', '地方', '回來', '的', '我', '也', '不', '知道', '坐', '我', '隔壁', '的', '同學', '寒假', '去', '幹嘛', '能不能', '都', '停課', '笑死']","['VE', 'DE', 'D', 'Nd', 'VH', 'VH', 'Ng', 'P', 'Nes', 'Na', 'VA', 'DE', 'Na', 'D', 'D', 'SHI', 'P', 'Nes', 'Nf', 'Na', 'VA', 'DE', 'Nh', 'D', 'D', 'VK', 'VA', 'Nh', 'Nc', 'DE', 'Na', 'Nd', 'D', 'D', 'D', 'D', 'VH', 'VHC']"
,"['知識', '忘光', '吉良吉', '影']","['Na', 'VK', 'Nb', 'Na']"
,['無聊'],['VH']
,"['還', '敢', '出書', '啊']","['D', 'VL', 'VA', 'T']"
,"['搞不好', '寒假', '可以', '變', '暑假', '喔']","['D', 'Nd', 'D', 'VG', 'Nd', 'T']"
,"['幸好', '我', '都', '不', '參加', '營隊', '的']","['D', 'Nh', 'D', 'D', 'VC', 'Na', 'DE']"
,"['好', '想', '停辦']","['VH', 'VE', 'VC']"
,"['高中生', '應該', '很多', '都', '北部', '來', '的', '怕']","['Na', 'D', 'Neqa', 'D', 'Ncd', 'VA', 'DE', 'VK']"
,"['停辦', '又', '不會', '上', '新聞', '貞貞', '才', '不', '幹', '不會', '上', '新聞', '的', '事']","['VC', 'D', 'D', 'VCL', 'Na', 'VH', 'Da', 'D', 'VC', 'D', 'VCL', 'Na', 'DE', 'Na']"
,"['這樣', '寄', '信', '不', '知道', '學校', '會不會', '理', '人']","['VH', 'VD', 'Na', 'D', 'VK', 'Nc', 'D', 'VJ', 'Na']"
,"['小心', '收到', '這', '個']","['VK', 'VC', 'Nep', 'Nf']"
,"['以後', '用', '導生點通', '吧', '讓', '詢問', '及', '回覆', '公開', '透明']","['Nd', 'P', 'Na', 'T', 'VL', 'VE', 'Caa', 'VD', 'VHC', 'VH']"
,"['借串', '問', '個', '校方', '到底', '有沒有', '暫時', '停止', '學生', '住宿', '的', '權利', '啊', '照', '本校', '學生', '住宿', '契約書', '似乎', '沒有', '僅有', '因', '天災', '得', '終止', '契約', '並', '應', '盡力', '協助', '學生', '另', '覓', '住處', '很', '怕', '去年', '亂象', '重演']","['Na', 'VE', 'Nf', 'Na', 'D', 'D', 'D', 'VF', 'Na', 'VA', 'DE', 'Na', 'T', 'P', 'Nc', 'Na', 'VA', 'Na', 'D', 'D', 'VJ', 'Cbb', 'Na', 'DE', 'VHC', 'Na', 'D', 'D', 'VH', 'VC', 'Na', 'Nes', 'VC', 'Nc', 'Dfa', 'VK', 'Nd', 'Na', 'VC']"
,"['我', '不', '是', '當事人']","['Nh', 'D', 'SHI', 'Na']"
,"['小蘇蘇', '叫', '你', '做', '什麼', '就', '做', '什麼', '叫', '你', '搬', '就', '搬']","['Nb', 'VE', 'Nh', 'VC', 'Nep', 'D', 'VC', 'Nep', 'VG', 'Nh', 'VC', 'D', 'VC']"
,,
,"['學校', '回', '的', '蠻', '正式', '的', '欸', '而且', '昨天', '寄', '今天', '回信', '效率', '好', '快']","['Nc', 'VCL', 'DE', 'Dfa', 'VH', 'DE', 'I', 'Cbb', 'Nd', 'VD', 'Nd', 'VB', 'Na', 'Dfa', 'VH']"
,,
,"['貞', '不要臉']","['b', 'VH']"
,"['買', '了', '可以', '要', '簽名', '嗎']","['VC', 'Di', 'D', 'D', 'VA', 'T']"
,"['貞', '噁']","['b', 'b']"
,"['請問', '這', '算', '智力', '測驗', '嗎']","['VE', 'Nep', 'VG', 'Na', 'Na', 'T']"
,,
,"['只有', '防疫', '天', '而已']","['D', 'VA', 'Na', 'T']"
,"['團', '購', '起來']","['Na', 'VC', 'Di']"
,"['慧', '做', '事', '貞', '放心']","['Na', 'VC', 'Na', 'b', 'VK']"
,"['這', '算是', '用', '學校', '資源', '替', '自己', '打廣告', '嗎']","['Nep', 'VG', 'P', 'Nc', 'Na', 'P', 'Nh', 'VA', 'T']"
,"['又', '一', '個', '草莓', '族']","['D', 'Neu', 'Nf', 'Na', 'Na']"
,,
,"['講', '的', '好像', '你', '看到', '北科', '學生', '有', '在', '戴', '一樣', '就', '看', '你', '去', '小時', '看到', '幾', '個', '學生', '有', '在', '戴', '口罩', '只', '會', '怪', '行政', '不行', '要不要', '先', '看看', '你們', '自己', '有沒有', '在', '戴']","['VE', 'DE', 'D', 'Nh', 'VE', 'Nc', 'Na', 'V_2', 'P', 'VC', 'VH', 'D', 'VC', 'Nh', 'VCL', 'Na', 'VE', 'Neu', 'Nf', 'Na', 'V_2', 'P', 'VC', 'Na', 'Da', 'D', 'VK', 'Na', 'VH', 'D', 'D', 'VE', 'Nh', 'Nh', 'D', 'P', 'VC']"
,"['說到', '病毒', '也', '會', '上下班', '這', '個', '最', '好笑', '日間部', '很多', '人', '可能', '不', '知道', '如果', '是', '下午點', '以後', '入', '校', '不用', '刷卡']","['VE', 'Na', 'D', 'D', 'VA', 'Nep', 'Nf', 'Dfa', 'VH', 'Nc', 'Neqa', 'Na', 'D', 'D', 'VK', 'Cbb', 'SHI', 'Na', 'Ng', 'VCL', 'Nc', 'D', 'VA']"
,"['不然', '病毒', '的', '加班費', '你', '要', '出', '喔']","['Cbb', 'Na', 'DE', 'Na', 'Nh', 'D', 'VC', 'T']"
,"['所以', '我', '都', '自行', '宣布', '網課', '去', '考試', '就', '好了']","['Cbb', 'Nh', 'D', 'D', 'VE', 'Na', 'VCL', 'Na', 'D', 'T']"
,"['對', '啊', '幹', '四號', '出口', '的', '側門', '也', '順便', '開', '一', '開', '吧']","['VH', 'T', 'VC', 'Nc', 'VC', 'DE', 'Nc', 'D', 'D', 'VC', 'Neu', 'VC', 'T']"
,"['北科', '大']","['Nc', 'VH']"
,"['好了', '啦', '雙標文', '下去', '行政', '人員', '幾', '個', '學生', '幾', '個', '笑', '了', '行政', '人員', '憑', '什麼', '給', '你', '放大', '檢視']","['T', 'T', 'Na', 'VA', 'Na', 'Na', 'Neu', 'Nf', 'Na', 'Neu', 'Nf', 'VA', 'Di', 'Na', 'Na', 'P', 'Nep', 'VD', 'Nh', 'VC', 'VC']"
,"['支持', '關', '建國門', '開', '四號門', '我', '就', '雙', '標']","['VC', 'VC', 'Na', 'VC', 'Na', 'Nh', 'D', 'A', 'Na']"
,"['應該', '是', '說', '新生門', '完全', '沒有', '必要', '開', '旁邊', '綠光', '就', '有', '入口', '了', '新生門', '的', '設備', '整', '組', '拉去號', '也', '行']","['D', 'SHI', 'VE', 'Na', 'D', 'VJ', 'Na', 'VC', 'Ncd', 'Nb', 'D', 'V_2', 'VA', 'Di', 'Na', 'DE', 'Na', 'Neqa', 'Nf', 'Na', 'D', 'VA']"
,"['防疫', '做', '半', '套', '講', '的', '也', '是', '事實', '要', '做', '就', '做', '完整', '不要', '讓', '人家', '覺得', '只是', '在', '做', '表面']","['VA', 'VC', 'Neqa', 'Nf', 'VE', 'DE', 'D', 'SHI', 'Na', 'D', 'VC', 'D', 'VC', 'VH', 'D', 'VL', 'Nh', 'VK', 'D', 'P', 'VC', 'Na']"
,"['這', '行政', '人員', '一定', '是', '夜間部']","['Nep', 'Na', 'Na', 'D', 'SHI', 'Nc']"
,,
,"['哈哈', '是', '我', '啦', '我', '是', '電機', '一', '丁', '的']","['D', 'SHI', 'Nh', 'T', 'Nh', 'SHI', 'Na', 'Neu', 'Nb', 'DE']"
